user_rate,queue_length,priority_score,decision
58,98,8,DEGRADE
93,76,2,DEGRADE
87,13,2,ALLOW
55,36,5,ALLOW
81,40,3,ALLOW
148,63,7,DEGRADE
30,33,4,ALLOW
123,2,5,ALLOW
85,94,9,DEGRADE
168,6,3,ALLOW
95,79,5,DEGRADE
62,59,5,ALLOW
125,43,3,ALLOW
49,53,2,ALLOW
101,38,9,ALLOW
3,13,1,ALLOW
108,84,2,DROP
78,51,6,ALLOW
135,6,3,ALLOW
149,60,5,ALLOW
194,41,1,ALLOW
55,93,8,DEGRADE
156,52,10,ALLOW
73,89,5,DEGRADE
108,45,10,ALLOW
127,59,9,ALLOW
150,73,9,DEGRADE
168,72,10,DEGRADE
27,86,9,DEGRADE
166,91,7,DEGRADE
152,20,2,ALLOW
130,81,4,DROP
108,38,8,ALLOW
200,72,7,DEGRADE
155,12,9,ALLOW
164,94,10,DEGRADE
85,30,10,ALLOW
61,90,7,DEGRADE
35,23,9,ALLOW
126,99,6,DEGRADE
164,14,4,ALLOW
104,90,10,DEGRADE
34,85,2,DROP
61,11,5,ALLOW
20,94,10,DEGRADE
97,13,3,ALLOW
4,97,6,DEGRADE
140,55,8,ALLOW
112,50,10,ALLOW
2,20,2,ALLOW
194,57,9,ALLOW
129,46,3,ALLOW
69,13,7,ALLOW
178,47,6,ALLOW
156,4,2,ALLOW
92,29,1,ALLOW
57,91,2,DROP
128,5,4,ALLOW
76,60,7,ALLOW
114,93,1,DROP
86,99,5,DEGRADE
125,78,4,DEGRADE
50,84,10,DEGRADE
35,53,5,ALLOW
134,48,6,ALLOW
78,51,2,ALLOW
43,66,3,DEGRADE
93,16,7,ALLOW
107,64,1,DEGRADE
47,93,8,DEGRADE
195,39,3,ALLOW
14,61,2,DEGRADE
57,83,4,DROP
63,74,7,DEGRADE
155,10,2,ALLOW
91,60,7,ALLOW
23,5,7,ALLOW
169,13,7,ALLOW
91,42,10,ALLOW
12,8,7,ALLOW
150,59,9,ALLOW
144,91,7,DEGRADE
159,61,5,DEGRADE
64,96,5,DEGRADE
161,58,6,ALLOW
85,31,8,ALLOW
106,37,6,ALLOW
31,78,4,DEGRADE
178,53,8,ALLOW
19,93,4,DROP
18,59,1,ALLOW
155,42,3,ALLOW
158,98,9,DEGRADE
193,35,9,ALLOW
175,6,5,ALLOW
1,9,9,ALLOW
111,15,10,ALLOW
39,17,5,ALLOW
4,81,1,DROP
131,60,3,ALLOW
99,18,4,ALLOW
102,83,8,DEGRADE
76,3,4,ALLOW
152,73,7,DEGRADE
117,43,5,ALLOW
51,41,2,ALLOW
11,45,10,ALLOW
91,14,3,ALLOW
150,66,7,DEGRADE
44,12,5,ALLOW
15,60,6,ALLOW
187,87,2,DROP
140,39,8,ALLOW
122,1,10,ALLOW
140,46,7,ALLOW
181,19,2,ALLOW
15,8,5,ALLOW
149,69,1,DEGRADE
46,53,9,ALLOW
26,10,1,ALLOW
31,49,2,ALLOW
175,100,9,DEGRADE
196,97,2,DROP
191,27,10,ALLOW
20,20,6,ALLOW
18,6,8,ALLOW
100,70,3,DEGRADE
45,66,7,DEGRADE
176,22,8,ALLOW
54,13,1,ALLOW
67,30,10,ALLOW
47,41,6,ALLOW
117,55,5,ALLOW
9,80,6,DEGRADE
5,30,10,ALLOW
174,51,10,ALLOW
123,14,2,ALLOW
138,22,5,ALLOW
58,35,2,ALLOW
173,84,2,DROP
94,46,3,ALLOW
193,95,9,DEGRADE
11,63,7,DEGRADE
15,32,10,ALLOW
25,23,1,ALLOW
62,50,4,ALLOW
57,9,5,ALLOW
7,4,5,ALLOW
182,44,4,ALLOW
100,40,2,ALLOW
195,20,9,ALLOW
10,99,9,DEGRADE
169,29,6,ALLOW
112,20,6,ALLOW
35,13,9,ALLOW
97,24,3,ALLOW
6,22,4,ALLOW
42,82,10,DEGRADE
82,56,9,ALLOW
100,12,4,ALLOW
99,9,8,ALLOW
34,11,3,ALLOW
60,84,2,DROP
31,14,8,ALLOW
93,77,2,DEGRADE
162,83,1,DROP
35,91,8,DEGRADE
36,40,3,ALLOW
82,49,4,ALLOW
191,1,3,ALLOW
125,22,6,ALLOW
188,79,4,DEGRADE
198,19,7,ALLOW
97,74,2,DEGRADE
165,7,7,ALLOW
156,13,1,ALLOW
182,16,1,ALLOW
29,3,10,ALLOW
37,44,4,ALLOW
193,27,7,ALLOW
113,100,4,DROP
144,55,6,ALLOW
30,97,5,DEGRADE
129,95,8,DEGRADE
148,72,2,DEGRADE
160,59,5,ALLOW
71,67,2,DEGRADE
151,95,3,DROP
136,34,8,ALLOW
44,66,10,DEGRADE
128,98,2,DROP
112,60,9,ALLOW
164,85,5,DEGRADE
123,68,5,DEGRADE
35,25,7,ALLOW
14,86,10,DEGRADE
63,68,2,DEGRADE
195,1,4,ALLOW
169,96,9,DEGRADE
157,47,1,ALLOW
58,46,10,ALLOW
47,86,5,DEGRADE
162,15,4,ALLOW
82,55,6,ALLOW
178,3,4,ALLOW
156,18,4,ALLOW
58,44,8,ALLOW
149,4,2,ALLOW
48,72,10,DEGRADE
188,23,6,ALLOW
190,31,2,ALLOW
154,77,2,DEGRADE
130,64,8,DEGRADE
116,4,3,ALLOW
163,24,6,ALLOW
61,12,10,ALLOW
55,6,5,ALLOW
77,13,6,ALLOW
43,34,6,ALLOW
32,55,6,ALLOW
129,32,8,ALLOW
32,56,10,ALLOW
52,35,5,ALLOW
25,3,10,ALLOW
41,61,10,DEGRADE
106,72,1,DEGRADE
3,46,6,ALLOW
86,88,10,DEGRADE
140,44,3,ALLOW
103,67,4,DEGRADE
191,89,9,DEGRADE
80,53,9,ALLOW
159,62,2,DEGRADE
123,27,2,ALLOW
78,89,6,DEGRADE
10,73,1,DEGRADE
10,38,10,ALLOW
170,24,5,ALLOW
119,11,2,ALLOW
70,60,4,ALLOW
64,58,1,ALLOW
56,5,9,ALLOW
49,22,6,ALLOW
5,4,6,ALLOW
74,25,9,ALLOW
170,10,2,ALLOW
57,30,10,ALLOW
136,70,1,DEGRADE
197,46,9,ALLOW
3,5,6,ALLOW
104,15,3,ALLOW
46,77,8,DEGRADE
90,98,2,DROP
28,11,2,ALLOW
75,25,6,ALLOW
86,89,8,DEGRADE
75,41,7,ALLOW
14,99,3,DROP
156,92,3,DROP
108,13,8,ALLOW
19,22,6,ALLOW
155,41,5,ALLOW
113,50,3,ALLOW
158,58,5,ALLOW
76,77,5,DEGRADE
158,23,5,ALLOW
62,21,10,ALLOW
74,35,4,ALLOW
82,100,2,DROP
149,98,2,DROP
157,13,2,ALLOW
60,75,8,DEGRADE
46,58,2,ALLOW
125,70,6,DEGRADE
35,69,2,DEGRADE
24,11,1,ALLOW
99,98,1,DROP
135,28,3,ALLOW
155,48,1,ALLOW
5,87,9,DEGRADE
174,73,1,DEGRADE
118,71,5,DEGRADE
78,3,9,ALLOW
87,28,3,ALLOW
173,78,4,DEGRADE
116,42,4,ALLOW
154,2,6,ALLOW
61,56,2,ALLOW
30,73,3,DEGRADE
75,79,5,DEGRADE
159,94,1,DROP
17,1,8,ALLOW
95,8,10,ALLOW
87,89,9,DEGRADE
137,98,8,DEGRADE
171,45,4,ALLOW
25,83,2,DROP
152,1,9,ALLOW
76,56,10,ALLOW
200,55,9,ALLOW
6,60,4,ALLOW
163,29,8,ALLOW
130,91,5,DEGRADE
109,44,8,ALLOW
66,42,9,ALLOW
131,13,4,ALLOW
92,86,2,DROP
161,58,3,ALLOW
107,64,1,DEGRADE
195,73,7,DEGRADE
103,33,4,ALLOW
66,8,4,ALLOW
152,73,8,DEGRADE
175,43,8,ALLOW
8,88,9,DEGRADE
142,61,5,DEGRADE
18,45,8,ALLOW
132,24,9,ALLOW
120,74,3,DEGRADE
18,100,10,DEGRADE
101,97,1,DROP
26,100,10,DEGRADE
187,70,10,DEGRADE
140,45,9,ALLOW
93,83,10,DEGRADE
46,31,9,ALLOW
14,50,2,ALLOW
130,19,10,ALLOW
69,84,10,DEGRADE
61,17,8,ALLOW
21,20,10,ALLOW
26,52,8,ALLOW
79,83,5,DEGRADE
86,71,7,DEGRADE
14,29,4,ALLOW
116,52,6,ALLOW
174,77,10,DEGRADE
146,68,3,DEGRADE
141,85,8,DEGRADE
176,26,3,ALLOW
140,4,5,ALLOW
141,9,10,ALLOW
50,99,5,DEGRADE
63,99,3,DROP
67,13,7,ALLOW
25,59,5,ALLOW
181,6,4,ALLOW
101,68,2,DEGRADE
199,27,5,ALLOW
6,65,1,DEGRADE
120,25,9,ALLOW
79,65,6,DEGRADE
4,52,1,ALLOW
21,36,10,ALLOW
158,91,3,DROP
182,33,6,ALLOW
164,15,10,ALLOW
80,64,5,DEGRADE
103,78,4,DEGRADE
23,45,6,ALLOW
8,55,10,ALLOW
54,81,5,DEGRADE
43,42,3,ALLOW
73,16,8,ALLOW
102,82,3,DROP
80,45,1,ALLOW
180,93,5,DEGRADE
121,28,7,ALLOW
15,83,9,DEGRADE
119,58,6,ALLOW
94,90,5,DEGRADE
20,12,7,ALLOW
103,46,1,ALLOW
110,2,10,ALLOW
72,22,3,ALLOW
96,98,1,DROP
95,80,9,DEGRADE
61,16,7,ALLOW
80,56,7,ALLOW
75,4,1,ALLOW
115,47,2,ALLOW
157,50,3,ALLOW
76,88,8,DEGRADE
108,95,7,DEGRADE
196,59,3,ALLOW
66,79,6,DEGRADE
133,47,6,ALLOW
6,9,10,ALLOW
170,73,10,DEGRADE
50,24,9,ALLOW
84,11,7,ALLOW
18,19,8,ALLOW
120,51,9,ALLOW
154,94,3,DROP
44,41,9,ALLOW
48,66,10,DEGRADE
63,33,9,ALLOW
161,58,8,ALLOW
14,72,1,DEGRADE
45,2,8,ALLOW
188,63,8,DEGRADE
45,71,6,DEGRADE
192,85,10,DEGRADE
90,22,6,ALLOW
31,47,5,ALLOW
153,24,7,ALLOW
99,17,10,ALLOW
92,63,2,DEGRADE
22,10,1,ALLOW
35,46,8,ALLOW
157,48,10,ALLOW
35,18,1,ALLOW
70,85,8,DEGRADE
127,100,1,DROP
110,11,7,ALLOW
167,95,7,DEGRADE
113,47,10,ALLOW
68,49,2,ALLOW
153,27,6,ALLOW
2,74,1,DEGRADE
154,31,7,ALLOW
115,40,2,ALLOW
162,7,10,ALLOW
54,82,7,DEGRADE
62,49,4,ALLOW
174,56,4,ALLOW
82,6,8,ALLOW
41,5,9,ALLOW
145,45,10,ALLOW
151,78,10,DEGRADE
61,94,7,DEGRADE
45,32,3,ALLOW
14,43,1,ALLOW
103,85,2,DROP
53,86,1,DROP
13,42,3,ALLOW
109,55,5,ALLOW
106,62,10,DEGRADE
81,5,4,ALLOW
122,79,4,DEGRADE
28,8,2,ALLOW
70,77,2,DEGRADE
46,41,9,ALLOW
68,100,3,DROP
131,80,9,DEGRADE
60,40,1,ALLOW
155,93,5,DEGRADE
154,91,6,DEGRADE
73,17,5,ALLOW
111,26,7,ALLOW
184,12,4,ALLOW
113,67,5,DEGRADE
137,65,6,DEGRADE
114,88,10,DEGRADE
111,37,10,ALLOW
137,65,9,DEGRADE
198,32,4,ALLOW
110,63,7,DEGRADE
58,76,5,DEGRADE
82,72,4,DEGRADE
95,1,2,ALLOW
176,38,1,ALLOW
143,34,8,ALLOW
146,37,3,ALLOW
9,24,2,ALLOW
200,73,10,DEGRADE
134,61,3,DEGRADE
63,15,9,ALLOW
193,33,8,ALLOW
146,18,3,ALLOW
161,45,5,ALLOW
77,44,4,ALLOW
108,7,2,ALLOW
90,68,7,DEGRADE
1,67,5,DEGRADE
101,73,6,DEGRADE
194,4,9,ALLOW
105,65,5,DEGRADE
168,81,1,DROP
81,47,1,ALLOW
105,46,3,ALLOW
83,34,9,ALLOW
172,14,7,ALLOW
64,10,4,ALLOW
161,69,7,DEGRADE
182,51,3,ALLOW
34,21,7,ALLOW
121,73,8,DEGRADE
164,86,4,DROP
19,40,8,ALLOW
94,31,8,ALLOW
82,19,3,ALLOW
34,1,9,ALLOW
67,16,1,ALLOW
108,95,8,DEGRADE
162,44,10,ALLOW
37,89,1,DROP
107,38,5,ALLOW
75,49,2,ALLOW
17,47,10,ALLOW
74,92,1,DROP
140,81,2,DROP
111,83,5,DEGRADE
90,61,2,DEGRADE
28,89,8,DEGRADE
128,69,10,DEGRADE
74,29,9,ALLOW
84,76,10,DEGRADE
159,64,6,DEGRADE
200,68,1,DEGRADE
1,84,8,DEGRADE
23,36,8,ALLOW
13,22,1,ALLOW
65,67,8,DEGRADE
97,3,2,ALLOW
103,66,9,DEGRADE
140,39,1,ALLOW
113,14,4,ALLOW
56,73,3,DEGRADE
88,12,7,ALLOW
61,97,10,DEGRADE
68,48,7,ALLOW
81,77,8,DEGRADE
194,54,9,ALLOW
164,32,5,ALLOW
107,92,8,DEGRADE
165,20,1,ALLOW
193,9,6,ALLOW
65,8,4,ALLOW
24,93,10,DEGRADE
183,72,1,DEGRADE
95,1,6,ALLOW
99,59,9,ALLOW
23,94,10,DEGRADE
144,13,10,ALLOW
52,10,2,ALLOW
62,46,4,ALLOW
191,92,7,DEGRADE
12,27,3,ALLOW
97,69,7,DEGRADE
98,6,1,ALLOW
181,37,1,ALLOW
128,32,9,ALLOW
132,72,4,DEGRADE
148,80,8,DEGRADE
63,54,6,ALLOW
55,76,1,DEGRADE
8,62,8,DEGRADE
118,29,1,ALLOW
164,1,8,ALLOW
84,84,7,DEGRADE
53,74,5,DEGRADE
85,42,10,ALLOW
6,51,7,ALLOW
64,32,1,ALLOW
193,41,2,ALLOW
36,59,10,ALLOW
186,55,8,ALLOW
66,1,6,ALLOW
175,9,4,ALLOW
64,79,5,DEGRADE
136,79,5,DEGRADE
162,7,8,ALLOW
19,53,2,ALLOW
197,41,10,ALLOW
2,42,8,ALLOW
44,79,8,DEGRADE
171,32,3,ALLOW
114,49,6,ALLOW
21,63,8,DEGRADE
159,22,5,ALLOW
186,66,5,DEGRADE
58,36,1,ALLOW
104,6,5,ALLOW
19,37,1,ALLOW
53,98,6,DEGRADE
37,37,10,ALLOW
17,19,9,ALLOW
90,27,4,ALLOW
49,55,3,ALLOW
51,99,8,DEGRADE
104,35,5,ALLOW
173,13,4,ALLOW
130,94,7,DEGRADE
137,30,9,ALLOW
40,47,5,ALLOW
178,59,9,ALLOW
143,96,2,DROP
113,74,6,DEGRADE
82,6,7,ALLOW
159,33,9,ALLOW
18,16,8,ALLOW
177,29,7,ALLOW
22,93,6,DEGRADE
5,18,1,ALLOW
29,95,5,DEGRADE
188,57,4,ALLOW
10,57,9,ALLOW
154,12,6,ALLOW
43,26,5,ALLOW
2,24,6,ALLOW
91,98,1,DROP
82,42,2,ALLOW
29,18,10,ALLOW
178,23,6,ALLOW
95,53,7,ALLOW
61,89,6,DEGRADE
53,10,1,ALLOW
176,61,2,DEGRADE
131,100,5,DEGRADE
1,20,8,ALLOW
73,4,6,ALLOW
93,26,2,ALLOW
105,11,2,ALLOW
121,76,3,DEGRADE
112,94,2,DROP
1,52,8,ALLOW
185,41,6,ALLOW
46,98,7,DEGRADE
45,52,8,ALLOW
86,39,6,ALLOW
93,53,6,ALLOW
40,31,5,ALLOW
189,79,7,DEGRADE
8,64,10,DEGRADE
165,77,3,DEGRADE
190,98,6,DEGRADE
129,59,9,ALLOW
154,7,5,ALLOW
94,69,8,DEGRADE
143,76,2,DEGRADE
183,31,1,ALLOW
104,34,4,ALLOW
69,27,5,ALLOW
102,48,4,ALLOW
75,38,2,ALLOW
94,84,8,DEGRADE
117,26,6,ALLOW
117,99,8,DEGRADE
20,80,9,DEGRADE
115,42,8,ALLOW
146,100,4,DROP
85,1,1,ALLOW
124,98,4,DROP
97,1,7,ALLOW
141,94,9,DEGRADE
179,77,8,DEGRADE
183,83,5,DEGRADE
61,32,8,ALLOW
60,90,1,DROP
84,65,7,DEGRADE
94,58,2,ALLOW
55,58,8,ALLOW
129,12,4,ALLOW
75,4,7,ALLOW
197,19,7,ALLOW
83,27,2,ALLOW
99,15,3,ALLOW
84,1,10,ALLOW
160,1,8,ALLOW
66,73,9,DEGRADE
102,18,9,ALLOW
75,28,5,ALLOW
173,96,3,DROP
114,41,1,ALLOW
28,69,10,DEGRADE
54,72,10,DEGRADE
2,82,3,DROP
69,56,1,ALLOW
187,74,7,DEGRADE
175,100,1,DROP
44,9,10,ALLOW
122,24,6,ALLOW
7,47,2,ALLOW
147,11,4,ALLOW
52,44,6,ALLOW
177,36,2,ALLOW
103,42,7,ALLOW
153,77,2,DEGRADE
173,73,5,DEGRADE
69,78,6,DEGRADE
163,77,1,DEGRADE
30,8,6,ALLOW
144,51,3,ALLOW
200,30,2,ALLOW
86,29,10,ALLOW
127,29,3,ALLOW
147,24,6,ALLOW
89,32,2,ALLOW
189,17,8,ALLOW
191,73,4,DEGRADE
110,77,7,DEGRADE
41,61,3,DEGRADE
90,41,3,ALLOW
27,23,7,ALLOW
33,29,3,ALLOW
125,83,5,DEGRADE
190,12,1,ALLOW
30,100,6,DEGRADE
52,96,2,DROP
178,81,10,DEGRADE
129,55,5,ALLOW
128,16,10,ALLOW
53,67,4,DEGRADE
14,73,4,DEGRADE
65,78,7,DEGRADE
114,40,6,ALLOW
6,15,2,ALLOW
154,69,7,DEGRADE
35,5,1,ALLOW
61,91,5,DEGRADE
143,90,1,DROP
84,81,10,DEGRADE
66,22,2,ALLOW
173,50,2,ALLOW
97,40,4,ALLOW
89,22,8,ALLOW
149,28,5,ALLOW
113,6,1,ALLOW
84,73,8,DEGRADE
179,13,8,ALLOW
32,16,6,ALLOW
65,44,7,ALLOW
177,61,10,DEGRADE
100,26,4,ALLOW
107,78,7,DEGRADE
111,39,6,ALLOW
136,70,3,DEGRADE
39,70,4,DEGRADE
12,98,7,DEGRADE
140,96,10,DEGRADE
72,3,3,ALLOW
110,72,6,DEGRADE
200,41,3,ALLOW
193,75,6,DEGRADE
109,42,9,ALLOW
118,42,6,ALLOW
53,98,10,DEGRADE
8,81,10,DEGRADE
137,73,2,DEGRADE
79,42,1,ALLOW
114,51,2,ALLOW
45,19,2,ALLOW
50,100,2,DROP
141,17,6,ALLOW
12,74,2,DEGRADE
17,32,1,ALLOW
52,83,9,DEGRADE
124,24,3,ALLOW
17,76,6,DEGRADE
66,34,7,ALLOW
151,59,2,ALLOW
190,35,2,ALLOW
103,10,6,ALLOW
168,61,9,DEGRADE
187,12,7,ALLOW
54,33,3,ALLOW
127,35,4,ALLOW
134,39,10,ALLOW
195,21,7,ALLOW
192,51,1,ALLOW
116,77,8,DEGRADE
98,30,5,ALLOW
70,18,10,ALLOW
168,11,4,ALLOW
179,63,9,DEGRADE
50,87,8,DEGRADE
109,23,1,ALLOW
150,84,2,DROP
32,77,6,DEGRADE
173,98,7,DEGRADE
91,35,4,ALLOW
110,80,8,DEGRADE
40,15,4,ALLOW
43,49,1,ALLOW
94,23,3,ALLOW
73,24,5,ALLOW
196,74,7,DEGRADE
113,90,3,DROP
85,17,9,ALLOW
181,17,2,ALLOW
35,3,2,ALLOW
176,85,1,DROP
138,42,10,ALLOW
185,69,3,DEGRADE
142,47,5,ALLOW
171,27,7,ALLOW
139,82,4,DROP
143,92,8,DEGRADE
167,98,2,DROP
32,89,8,DEGRADE
70,43,3,ALLOW
180,85,2,DROP
13,47,8,ALLOW
134,96,4,DROP
116,99,2,DROP
10,98,10,DEGRADE
22,42,10,ALLOW
67,61,1,DEGRADE
199,8,8,ALLOW
133,60,7,ALLOW
173,87,9,DEGRADE
54,79,8,DEGRADE
193,10,10,ALLOW
29,52,1,ALLOW
111,91,4,DROP
181,24,4,ALLOW
133,36,8,ALLOW
68,7,1,ALLOW
143,76,7,DEGRADE
154,45,1,ALLOW
169,90,4,DROP
136,16,3,ALLOW
13,70,6,DEGRADE
56,18,5,ALLOW
180,52,9,ALLOW
16,65,7,DEGRADE
54,38,3,ALLOW
33,76,2,DEGRADE
29,19,7,ALLOW
146,52,2,ALLOW
123,66,5,DEGRADE
139,23,8,ALLOW
53,72,10,DEGRADE
48,32,3,ALLOW
9,84,7,DEGRADE
59,68,7,DEGRADE
16,50,4,ALLOW
52,86,9,DEGRADE
23,80,2,DEGRADE
144,52,8,ALLOW
183,56,6,ALLOW
152,96,5,DEGRADE
14,76,7,DEGRADE
8,72,4,DEGRADE
124,47,6,ALLOW
55,28,4,ALLOW
200,23,3,ALLOW
97,8,6,ALLOW
86,94,2,DROP
53,96,2,DROP
115,77,3,DEGRADE
83,40,2,ALLOW
75,89,5,DEGRADE
180,57,1,ALLOW
183,65,8,DEGRADE
3,74,4,DEGRADE
190,40,2,ALLOW
131,29,3,ALLOW
20,58,2,ALLOW
126,71,4,DEGRADE
56,15,4,ALLOW
36,12,4,ALLOW
98,33,5,ALLOW
110,41,1,ALLOW
55,63,4,DEGRADE
36,61,7,DEGRADE
60,73,8,DEGRADE
169,31,6,ALLOW
186,7,4,ALLOW
14,42,9,ALLOW
70,34,1,ALLOW
198,70,9,DEGRADE
61,68,7,DEGRADE
41,82,2,DROP
200,88,8,DEGRADE
78,47,10,ALLOW
170,94,7,DEGRADE
54,25,5,ALLOW
32,33,3,ALLOW
54,97,3,DROP
139,84,10,DEGRADE
131,78,3,DEGRADE
51,5,6,ALLOW
156,5,1,ALLOW
133,38,8,ALLOW
41,8,7,ALLOW
181,46,2,ALLOW
153,96,9,DEGRADE
9,55,9,ALLOW
48,27,1,ALLOW
125,69,2,DEGRADE
24,29,3,ALLOW
148,86,8,DEGRADE
23,85,4,DROP
56,57,5,ALLOW
111,33,9,ALLOW
174,52,3,ALLOW
42,17,7,ALLOW
32,53,8,ALLOW
134,69,9,DEGRADE
180,68,10,DEGRADE
72,16,7,ALLOW
74,26,6,ALLOW
38,67,10,DEGRADE
90,73,6,DEGRADE
195,43,9,ALLOW
52,43,6,ALLOW
182,7,1,ALLOW
72,98,2,DROP
95,65,6,DEGRADE
81,34,1,ALLOW
176,84,1,DROP
13,55,2,ALLOW
146,16,2,ALLOW
131,57,8,ALLOW
76,41,3,ALLOW
96,78,4,DEGRADE
35,71,9,DEGRADE
99,67,2,DEGRADE
122,92,6,DEGRADE
80,12,2,ALLOW
15,3,7,ALLOW
63,2,6,ALLOW
89,36,7,ALLOW
26,96,10,DEGRADE
169,52,6,ALLOW
183,13,9,ALLOW
174,5,10,ALLOW
8,74,1,DEGRADE
101,7,2,ALLOW
80,7,9,ALLOW
101,19,1,ALLOW
4,12,10,ALLOW
6,17,1,ALLOW
179,84,4,DROP
170,5,10,ALLOW
182,75,10,DEGRADE
72,14,10,ALLOW
116,21,9,ALLOW
77,27,5,ALLOW
10,13,2,ALLOW
62,99,2,DROP
159,64,6,DEGRADE
173,96,3,DROP
127,21,1,ALLOW
92,99,7,DEGRADE
1,57,9,ALLOW
126,40,4,ALLOW
184,23,7,ALLOW
146,14,6,ALLOW
168,47,3,ALLOW
139,87,1,DROP
194,83,1,DROP
3,21,4,ALLOW
38,22,9,ALLOW
52,10,2,ALLOW
173,92,1,DROP
18,12,5,ALLOW
7,31,3,ALLOW
157,10,2,ALLOW
66,33,7,ALLOW
199,2,1,ALLOW
4,34,8,ALLOW
48,26,9,ALLOW
44,72,6,DEGRADE
49,33,9,ALLOW
15,69,2,DEGRADE
80,34,5,ALLOW
46,84,2,DROP
3,92,3,DROP
23,62,9,DEGRADE
17,18,1,ALLOW
88,6,9,ALLOW
130,7,3,ALLOW
45,87,3,DROP
81,16,6,ALLOW
86,10,6,ALLOW
109,33,1,ALLOW
96,15,4,ALLOW
91,15,10,ALLOW
9,33,9,ALLOW
29,16,3,ALLOW
45,97,1,DROP
144,14,9,ALLOW
149,80,10,DEGRADE
52,88,6,DEGRADE
41,10,4,ALLOW
113,99,1,DROP
79,1,10,ALLOW
119,27,3,ALLOW
136,32,4,ALLOW
3,62,5,DEGRADE
171,75,9,DEGRADE
178,74,7,DEGRADE
160,18,6,ALLOW
163,29,3,ALLOW
151,51,10,ALLOW
139,63,7,DEGRADE
158,52,3,ALLOW
130,60,4,ALLOW
93,36,8,ALLOW
157,50,6,ALLOW
77,24,8,ALLOW
106,18,8,ALLOW
21,88,3,DROP
44,46,1,ALLOW
62,32,2,ALLOW
169,13,8,ALLOW
19,42,1,ALLOW
81,12,7,ALLOW
149,56,4,ALLOW
59,74,9,DEGRADE
139,56,1,ALLOW
100,19,2,ALLOW
145,40,9,ALLOW
159,55,8,ALLOW
134,38,8,ALLOW
79,29,2,ALLOW
123,1,10,ALLOW
153,38,6,ALLOW
125,68,2,DEGRADE
110,77,3,DEGRADE
191,32,4,ALLOW
134,17,7,ALLOW
191,40,9,ALLOW
140,55,6,ALLOW
162,48,4,ALLOW
163,91,7,DEGRADE
146,86,9,DEGRADE
104,56,3,ALLOW
21,37,8,ALLOW
102,44,1,ALLOW
57,38,10,ALLOW
102,17,8,ALLOW
17,66,7,DEGRADE
120,43,5,ALLOW
92,62,6,DEGRADE
108,60,8,ALLOW
157,22,9,ALLOW
70,83,6,DEGRADE
167,65,1,DEGRADE
94,73,5,DEGRADE
173,36,4,ALLOW
62,27,10,ALLOW
2,96,6,DEGRADE
29,82,10,DEGRADE
40,88,6,DEGRADE
2,26,9,ALLOW
119,89,7,DEGRADE
49,8,9,ALLOW
136,42,3,ALLOW
126,7,6,ALLOW
24,59,7,ALLOW
118,92,5,DEGRADE
3,63,4,DEGRADE
190,77,9,DEGRADE
50,67,7,DEGRADE
105,61,6,DEGRADE
146,43,6,ALLOW
171,92,5,DEGRADE
15,73,2,DEGRADE
139,8,1,ALLOW
43,62,2,DEGRADE
155,54,6,ALLOW
196,32,3,ALLOW
191,40,5,ALLOW
42,11,3,ALLOW
42,97,5,DEGRADE
198,67,6,DEGRADE
143,85,7,DEGRADE
14,93,4,DROP
90,95,9,DEGRADE
14,13,3,ALLOW
186,31,1,ALLOW
156,62,3,DEGRADE
87,9,8,ALLOW
33,49,10,ALLOW
177,47,6,ALLOW
70,32,7,ALLOW
165,13,7,ALLOW
147,18,7,ALLOW
8,83,6,DEGRADE
60,42,4,ALLOW
5,45,6,ALLOW
103,27,2,ALLOW
70,64,1,DEGRADE
11,68,10,DEGRADE
186,4,10,ALLOW
61,4,9,ALLOW
22,79,6,DEGRADE
15,74,8,DEGRADE
119,82,1,DROP
90,47,2,ALLOW
118,83,8,DEGRADE
54,72,3,DEGRADE
14,52,4,ALLOW
187,80,9,DEGRADE
173,18,5,ALLOW
164,68,1,DEGRADE
91,42,4,ALLOW
108,4,7,ALLOW
108,98,7,DEGRADE
180,47,5,ALLOW
140,92,10,DEGRADE
151,64,6,DEGRADE
147,48,7,ALLOW
103,7,7,ALLOW
84,6,5,ALLOW
15,23,7,ALLOW
168,27,3,ALLOW
24,43,9,ALLOW
188,90,6,DEGRADE
14,15,9,ALLOW
85,24,2,ALLOW
53,79,9,DEGRADE
61,74,1,DEGRADE
5,20,10,ALLOW
146,3,1,ALLOW
165,91,6,DEGRADE
26,67,1,DEGRADE
132,65,2,DEGRADE
153,53,4,ALLOW
118,39,8,ALLOW
196,68,1,DEGRADE
51,66,10,DEGRADE
93,16,5,ALLOW
101,53,1,ALLOW
44,10,4,ALLOW
141,43,2,ALLOW
121,99,4,DROP
42,40,8,ALLOW
171,68,1,DEGRADE
18,47,10,ALLOW
52,61,4,DEGRADE
126,32,7,ALLOW
56,75,1,DEGRADE
86,71,3,DEGRADE
103,2,1,ALLOW
15,32,5,ALLOW
70,39,3,ALLOW
191,92,3,DROP
172,64,6,DEGRADE
195,28,1,ALLOW
3,81,8,DEGRADE
172,1,8,ALLOW
127,11,4,ALLOW
62,26,10,ALLOW
36,29,4,ALLOW
193,34,2,ALLOW
91,12,4,ALLOW
59,23,1,ALLOW
27,93,9,DEGRADE
102,22,4,ALLOW
126,51,10,ALLOW
65,84,7,DEGRADE
129,23,8,ALLOW
170,43,3,ALLOW
153,14,2,ALLOW
121,36,5,ALLOW
163,80,10,DEGRADE
103,15,5,ALLOW
21,25,2,ALLOW
48,74,2,DEGRADE
194,59,10,ALLOW
35,41,8,ALLOW
96,53,2,ALLOW
165,16,3,ALLOW
6,70,5,DEGRADE
130,99,8,DEGRADE
157,90,8,DEGRADE
4,20,7,ALLOW
128,41,6,ALLOW
134,25,5,ALLOW
75,43,1,ALLOW
20,31,10,ALLOW
173,29,9,ALLOW
103,3,6,ALLOW
3,36,2,ALLOW
42,70,5,DEGRADE
183,68,10,DEGRADE
63,59,8,ALLOW
54,28,10,ALLOW
102,13,4,ALLOW
132,46,9,ALLOW
38,58,4,ALLOW
176,15,10,ALLOW
93,100,8,DEGRADE
16,28,1,ALLOW
143,42,4,ALLOW
120,2,6,ALLOW
51,45,1,ALLOW
196,61,10,DEGRADE
36,77,1,DEGRADE
97,4,5,ALLOW
18,61,8,DEGRADE
30,3,4,ALLOW
166,74,9,DEGRADE
102,76,8,DEGRADE
2,3,10,ALLOW
46,81,8,DEGRADE
13,4,6,ALLOW
129,87,10,DEGRADE
111,26,2,ALLOW
137,34,6,ALLOW
23,98,1,DROP
49,34,10,ALLOW
80,9,6,ALLOW
181,55,6,ALLOW
105,67,6,DEGRADE
29,50,4,ALLOW
62,93,9,DEGRADE
38,37,9,ALLOW
49,50,3,ALLOW
85,6,5,ALLOW
76,26,1,ALLOW
72,40,3,ALLOW
177,75,6,DEGRADE
130,29,8,ALLOW
188,63,1,DEGRADE
177,13,9,ALLOW
72,22,10,ALLOW
132,16,4,ALLOW
91,65,9,DEGRADE
154,24,3,ALLOW
11,74,6,DEGRADE
174,7,10,ALLOW
53,69,6,DEGRADE
6,15,2,ALLOW
87,8,6,ALLOW
155,37,6,ALLOW
156,37,8,ALLOW
153,84,3,DROP
129,42,6,ALLOW
150,68,6,DEGRADE
111,34,1,ALLOW
103,100,6,DEGRADE
183,45,3,ALLOW
42,19,8,ALLOW
37,61,6,DEGRADE
63,8,2,ALLOW
133,9,5,ALLOW
82,15,6,ALLOW
166,84,3,DROP
55,98,9,DEGRADE
176,49,3,ALLOW
22,27,3,ALLOW
91,25,3,ALLOW
162,27,4,ALLOW
156,38,8,ALLOW
128,51,6,ALLOW
182,5,1,ALLOW
53,9,9,ALLOW
127,44,10,ALLOW
112,76,6,DEGRADE
160,98,8,DEGRADE
80,86,3,DROP
104,90,10,DEGRADE
157,69,6,DEGRADE
43,39,8,ALLOW
25,44,9,ALLOW
98,12,7,ALLOW
45,90,10,DEGRADE
160,19,5,ALLOW
118,56,4,ALLOW
127,10,1,ALLOW
37,78,5,DEGRADE
118,29,10,ALLOW
65,60,3,ALLOW
114,22,10,ALLOW
140,97,9,DEGRADE
172,94,6,DEGRADE
4,87,3,DROP
31,68,7,DEGRADE
116,22,5,ALLOW
44,65,5,DEGRADE
144,56,3,ALLOW
119,12,9,ALLOW
187,66,2,DEGRADE
53,7,5,ALLOW
151,81,1,DROP
76,5,10,ALLOW
118,99,3,DROP
188,39,8,ALLOW
177,7,4,ALLOW
130,56,7,ALLOW
122,96,9,DEGRADE
27,91,2,DROP
17,23,4,ALLOW
128,58,8,ALLOW
10,90,2,DROP
83,7,6,ALLOW
57,27,1,ALLOW
121,83,8,DEGRADE
84,14,10,ALLOW
147,31,4,ALLOW
119,35,9,ALLOW
88,65,2,DEGRADE
129,13,5,ALLOW
108,67,4,DEGRADE
36,85,6,DEGRADE
196,13,10,ALLOW
185,22,10,ALLOW
154,78,8,DEGRADE
13,8,7,ALLOW
199,78,1,DEGRADE
176,46,10,ALLOW
193,29,1,ALLOW
21,15,7,ALLOW
183,53,5,ALLOW
115,58,8,ALLOW
59,35,8,ALLOW
173,94,4,DROP
41,40,9,ALLOW
50,23,10,ALLOW
122,9,1,ALLOW
109,57,9,ALLOW
149,13,1,ALLOW
108,33,8,ALLOW
151,80,3,DEGRADE
79,4,9,ALLOW
103,29,10,ALLOW
190,84,9,DEGRADE
71,72,2,DEGRADE
9,50,2,ALLOW
34,71,7,DEGRADE
54,18,9,ALLOW
4,77,4,DEGRADE
96,15,5,ALLOW
47,34,3,ALLOW
96,33,9,ALLOW
187,35,4,ALLOW
185,66,7,DEGRADE
184,92,9,DEGRADE
150,20,6,ALLOW
29,86,3,DROP
136,65,1,DEGRADE
155,14,3,ALLOW
119,45,7,ALLOW
97,51,6,ALLOW
51,63,4,DEGRADE
27,42,4,ALLOW
2,59,1,ALLOW
109,58,7,ALLOW
98,50,3,ALLOW
84,38,6,ALLOW
99,74,4,DEGRADE
93,61,8,DEGRADE
55,7,5,ALLOW
197,48,8,ALLOW
54,43,5,ALLOW
155,12,8,ALLOW
67,90,1,DROP
197,10,10,ALLOW
99,30,1,ALLOW
25,74,3,DEGRADE
125,87,9,DEGRADE
183,18,5,ALLOW
154,73,2,DEGRADE
36,87,6,DEGRADE
80,11,7,ALLOW
39,90,2,DROP
23,20,1,ALLOW
89,72,9,DEGRADE
173,17,9,ALLOW
94,77,6,DEGRADE
149,9,4,ALLOW
8,35,1,ALLOW
55,76,5,DEGRADE
166,37,9,ALLOW
79,20,3,ALLOW
2,64,9,DEGRADE
116,12,3,ALLOW
30,79,3,DEGRADE
108,81,9,DEGRADE
36,35,1,ALLOW
134,8,7,ALLOW
100,16,6,ALLOW
6,54,1,ALLOW
56,37,6,ALLOW
5,14,2,ALLOW
113,68,4,DEGRADE
45,66,9,DEGRADE
37,91,4,DROP
79,11,9,ALLOW
146,43,8,ALLOW
69,30,5,ALLOW
79,10,1,ALLOW
124,5,5,ALLOW
167,28,3,ALLOW
19,100,1,DROP
142,36,9,ALLOW
89,1,8,ALLOW
5,53,3,ALLOW
113,7,1,ALLOW
91,74,2,DEGRADE
149,80,4,DEGRADE
94,55,10,ALLOW
18,74,4,DEGRADE
100,32,10,ALLOW
26,55,1,ALLOW
56,52,7,ALLOW
89,89,9,DEGRADE
169,63,7,DEGRADE
26,14,5,ALLOW
87,7,9,ALLOW
37,9,4,ALLOW
187,92,10,DEGRADE
132,90,9,DEGRADE
83,70,6,DEGRADE
154,46,1,ALLOW
166,65,4,DEGRADE
66,17,7,ALLOW
123,68,2,DEGRADE
195,80,9,DEGRADE
150,1,9,ALLOW
88,25,4,ALLOW
9,25,4,ALLOW
188,34,7,ALLOW
25,70,5,DEGRADE
51,38,9,ALLOW
181,97,2,DROP
78,96,1,DROP
23,71,9,DEGRADE
134,27,8,ALLOW
188,22,9,ALLOW
140,43,9,ALLOW
147,32,1,ALLOW
153,91,4,DROP
69,14,9,ALLOW
124,5,2,ALLOW
78,88,9,DEGRADE
144,62,2,DEGRADE
10,18,8,ALLOW
102,24,2,ALLOW
20,87,10,DEGRADE
165,40,10,ALLOW
104,80,8,DEGRADE
188,24,4,ALLOW
7,8,7,ALLOW
132,80,6,DEGRADE
31,67,6,DEGRADE
83,23,3,ALLOW
137,56,10,ALLOW
200,35,7,ALLOW
128,50,6,ALLOW
106,75,4,DEGRADE
160,100,2,DROP
189,1,5,ALLOW
72,21,2,ALLOW
165,74,8,DEGRADE
49,64,9,DEGRADE
147,52,6,ALLOW
155,4,1,ALLOW
189,59,7,ALLOW
181,85,8,DEGRADE
90,41,2,ALLOW
89,72,2,DEGRADE
76,3,1,ALLOW
123,66,2,DEGRADE
146,19,7,ALLOW
68,51,10,ALLOW
160,41,3,ALLOW
119,56,9,ALLOW
105,48,5,ALLOW
44,98,2,DROP
76,7,6,ALLOW
140,65,2,DEGRADE
35,51,1,ALLOW
150,32,6,ALLOW
98,79,10,DEGRADE
92,34,1,ALLOW
87,49,10,ALLOW
8,12,5,ALLOW
144,98,2,DROP
200,65,10,DEGRADE
181,63,8,DEGRADE
114,46,10,ALLOW
179,30,7,ALLOW
156,19,6,ALLOW
134,55,8,ALLOW
126,70,2,DEGRADE
179,96,6,DEGRADE
145,80,8,DEGRADE
187,58,9,ALLOW
144,95,1,DROP
188,10,2,ALLOW
119,43,3,ALLOW
186,12,6,ALLOW
128,18,8,ALLOW
131,1,2,ALLOW
159,23,2,ALLOW
162,76,10,DEGRADE
198,6,5,ALLOW
34,100,1,DROP
39,64,10,DEGRADE
68,32,6,ALLOW
97,52,1,ALLOW
61,74,4,DEGRADE
28,87,9,DEGRADE
87,97,7,DEGRADE
132,25,7,ALLOW
78,75,7,DEGRADE
64,63,7,DEGRADE
2,55,3,ALLOW
130,77,3,DEGRADE
9,44,2,ALLOW
193,14,8,ALLOW
15,49,8,ALLOW
64,3,8,ALLOW
111,93,2,DROP
75,26,3,ALLOW
50,4,2,ALLOW
165,17,9,ALLOW
4,77,9,DEGRADE
10,1,9,ALLOW
96,55,3,ALLOW
150,59,10,ALLOW
28,86,10,DEGRADE
57,60,2,ALLOW
66,78,4,DEGRADE
5,4,3,ALLOW
32,18,7,ALLOW
5,61,3,DEGRADE
52,88,10,DEGRADE
31,68,3,DEGRADE
160,78,5,DEGRADE
158,81,6,DEGRADE
105,79,7,DEGRADE
53,77,9,DEGRADE
144,1,2,ALLOW
102,34,4,ALLOW
11,61,1,DEGRADE
163,74,5,DEGRADE
96,86,3,DROP
67,9,1,ALLOW
83,15,6,ALLOW
35,17,10,ALLOW
141,81,3,DROP
43,88,5,DEGRADE
179,82,5,DEGRADE
152,78,10,DEGRADE
40,57,7,ALLOW
149,64,4,DEGRADE
99,91,3,DROP
109,31,7,ALLOW
28,41,3,ALLOW
80,8,8,ALLOW
168,38,4,ALLOW
138,37,7,ALLOW
197,52,4,ALLOW
43,88,6,DEGRADE
139,24,2,ALLOW
19,61,10,DEGRADE
62,42,6,ALLOW
30,62,3,DEGRADE
111,53,9,ALLOW
43,67,7,DEGRADE
191,43,5,ALLOW
189,56,2,ALLOW
132,12,1,ALLOW
105,72,7,DEGRADE
71,87,3,DROP
149,53,3,ALLOW
177,68,8,DEGRADE
44,6,1,ALLOW
98,50,1,ALLOW
23,89,6,DEGRADE
3,62,3,DEGRADE
109,90,9,DEGRADE
45,69,7,DEGRADE
49,43,8,ALLOW
60,76,7,DEGRADE
91,77,9,DEGRADE
65,33,6,ALLOW
36,88,4,DROP
13,1,4,ALLOW
172,48,1,ALLOW
98,26,7,ALLOW
98,51,3,ALLOW
93,3,7,ALLOW
149,93,2,DROP
152,60,2,ALLOW
135,54,10,ALLOW
105,23,1,ALLOW
56,72,4,DEGRADE
120,85,4,DROP
83,15,8,ALLOW
8,32,10,ALLOW
119,36,5,ALLOW
15,25,1,ALLOW
84,81,7,DEGRADE
77,3,5,ALLOW
110,11,5,ALLOW
94,27,8,ALLOW
44,16,4,ALLOW
112,19,1,ALLOW
95,15,5,ALLOW
85,22,3,ALLOW
160,55,5,ALLOW
17,75,2,DEGRADE
115,71,6,DEGRADE
159,94,7,DEGRADE
32,74,4,DEGRADE
75,22,7,ALLOW
133,31,1,ALLOW
162,98,10,DEGRADE
186,29,6,ALLOW
141,59,9,ALLOW
75,46,2,ALLOW
126,24,3,ALLOW
151,27,7,ALLOW
79,57,4,ALLOW
158,82,1,DROP
69,79,7,DEGRADE
29,69,8,DEGRADE
66,74,9,DEGRADE
17,91,2,DROP
29,44,1,ALLOW
172,29,4,ALLOW
53,97,10,DEGRADE
74,18,1,ALLOW
165,1,5,ALLOW
49,94,4,DROP
195,89,9,DEGRADE
138,56,7,ALLOW
63,86,10,DEGRADE
143,53,4,ALLOW
189,16,1,ALLOW
178,53,5,ALLOW
39,93,7,DEGRADE
20,56,2,ALLOW
34,2,8,ALLOW
67,87,8,DEGRADE
51,64,6,DEGRADE
3,76,3,DEGRADE
46,48,1,ALLOW
47,53,10,ALLOW
64,76,5,DEGRADE
177,42,8,ALLOW
54,78,1,DEGRADE
152,66,4,DEGRADE
126,86,6,DEGRADE
58,52,10,ALLOW
37,86,9,DEGRADE
6,56,2,ALLOW
131,30,9,ALLOW
153,15,2,ALLOW
81,51,6,ALLOW
129,35,2,ALLOW
194,17,10,ALLOW
164,70,3,DEGRADE
25,47,4,ALLOW
74,63,10,DEGRADE
1,4,10,ALLOW
45,28,10,ALLOW
106,82,6,DEGRADE
121,73,10,DEGRADE
41,18,3,ALLOW
140,41,2,ALLOW
56,34,2,ALLOW
152,12,9,ALLOW
49,9,8,ALLOW
53,37,1,ALLOW
20,2,1,ALLOW
3,34,8,ALLOW
186,56,9,ALLOW
68,35,9,ALLOW
76,17,2,ALLOW
93,91,6,DEGRADE
81,49,6,ALLOW
125,37,7,ALLOW
183,34,6,ALLOW
9,29,9,ALLOW
72,37,5,ALLOW
197,23,4,ALLOW
165,47,7,ALLOW
136,26,5,ALLOW
123,2,2,ALLOW
65,59,3,ALLOW
142,47,2,ALLOW
171,66,9,DEGRADE
82,71,9,DEGRADE
108,12,9,ALLOW
6,16,7,ALLOW
2,83,8,DEGRADE
93,95,1,DROP
128,10,4,ALLOW
147,46,2,ALLOW
131,53,9,ALLOW
183,2,10,ALLOW
199,97,8,DEGRADE
61,29,2,ALLOW
91,45,10,ALLOW
73,55,7,ALLOW
18,54,8,ALLOW
46,22,4,ALLOW
191,67,6,DEGRADE
126,40,9,ALLOW
24,68,6,DEGRADE
41,49,4,ALLOW
147,41,9,ALLOW
111,13,4,ALLOW
94,95,4,DROP
147,73,1,DEGRADE
178,34,3,ALLOW
142,65,10,DEGRADE
186,7,3,ALLOW
152,52,3,ALLOW
12,88,2,DROP
150,86,7,DEGRADE
123,31,7,ALLOW
153,81,7,DEGRADE
129,19,9,ALLOW
10,57,7,ALLOW
145,76,8,DEGRADE
125,84,8,DEGRADE
49,54,4,ALLOW
134,10,3,ALLOW
100,52,2,ALLOW
159,48,6,ALLOW
62,32,7,ALLOW
44,5,2,ALLOW
59,17,9,ALLOW
28,30,6,ALLOW
98,43,8,ALLOW
139,70,1,DEGRADE
131,96,4,DROP
74,8,1,ALLOW
103,93,8,DEGRADE
37,20,10,ALLOW
178,95,2,DROP
68,40,4,ALLOW
5,77,7,DEGRADE
136,16,6,ALLOW
197,29,9,ALLOW
15,34,10,ALLOW
71,34,5,ALLOW
81,88,8,DEGRADE
6,4,2,ALLOW
83,10,7,ALLOW
29,31,4,ALLOW
36,87,2,DROP
137,51,6,ALLOW
32,82,2,DROP
200,76,2,DEGRADE
17,88,4,DROP
182,67,3,DEGRADE
145,82,10,DEGRADE
91,15,10,ALLOW
47,20,7,ALLOW
21,45,2,ALLOW
54,99,7,DEGRADE
170,64,9,DEGRADE
7,87,7,DEGRADE
168,52,10,ALLOW
84,81,2,DROP
108,91,9,DEGRADE
115,42,5,ALLOW
173,44,3,ALLOW
200,12,6,ALLOW
165,75,3,DEGRADE
177,50,7,ALLOW
197,62,5,DEGRADE
190,50,6,ALLOW
81,72,8,DEGRADE
83,11,7,ALLOW
24,33,8,ALLOW
11,20,7,ALLOW
28,21,4,ALLOW
39,23,9,ALLOW
73,26,4,ALLOW
93,63,9,DEGRADE
148,3,10,ALLOW
98,70,6,DEGRADE
101,44,2,ALLOW
175,17,6,ALLOW
20,2,3,ALLOW
99,94,3,DROP
7,48,8,ALLOW
46,29,1,ALLOW
199,52,7,ALLOW
20,51,7,ALLOW
22,64,7,DEGRADE
95,74,7,DEGRADE
69,3,2,ALLOW
107,16,2,ALLOW
35,6,1,ALLOW
175,89,7,DEGRADE
84,66,1,DEGRADE
161,56,2,ALLOW
16,22,5,ALLOW
185,95,3,DROP
14,30,3,ALLOW
23,84,8,DEGRADE
34,32,7,ALLOW
166,1,4,ALLOW
156,43,5,ALLOW
132,90,4,DROP
125,80,3,DEGRADE
100,82,9,DEGRADE
2,28,6,ALLOW
140,46,7,ALLOW
176,98,9,DEGRADE
112,54,5,ALLOW
37,20,10,ALLOW
7,80,10,DEGRADE
18,21,4,ALLOW
84,81,7,DEGRADE
158,100,10,DEGRADE
148,58,9,ALLOW
20,45,6,ALLOW
6,54,5,ALLOW
152,23,3,ALLOW
188,6,2,ALLOW
19,52,4,ALLOW
167,41,9,ALLOW
23,82,4,DROP
39,4,5,ALLOW
152,32,6,ALLOW
59,55,7,ALLOW
61,70,1,DEGRADE
162,49,10,ALLOW
67,51,4,ALLOW
9,50,8,ALLOW
34,3,2,ALLOW
185,47,9,ALLOW
122,30,3,ALLOW
58,31,3,ALLOW
159,40,10,ALLOW
154,52,10,ALLOW
60,19,2,ALLOW
15,72,2,DEGRADE
119,83,8,DEGRADE
21,92,4,DROP
40,16,5,ALLOW
48,26,9,ALLOW
40,61,6,DEGRADE
82,19,7,ALLOW
192,30,10,ALLOW
67,84,9,DEGRADE
167,82,4,DROP
176,16,9,ALLOW
171,50,8,ALLOW
176,10,4,ALLOW
86,8,5,ALLOW
79,12,3,ALLOW
78,70,2,DEGRADE
31,5,1,ALLOW
82,48,2,ALLOW
10,26,7,ALLOW
21,39,5,ALLOW
13,7,10,ALLOW
148,81,8,DEGRADE
2,2,5,ALLOW
187,36,7,ALLOW
176,79,5,DEGRADE
21,99,10,DEGRADE
105,99,2,DROP
120,89,10,DEGRADE
65,82,3,DROP
171,59,6,ALLOW
29,64,3,DEGRADE
147,39,9,ALLOW
145,27,2,ALLOW
46,31,8,ALLOW
113,70,5,DEGRADE
8,58,6,ALLOW
63,27,3,ALLOW
13,49,5,ALLOW
21,48,8,ALLOW
60,63,1,DEGRADE
106,89,10,DEGRADE
157,73,5,DEGRADE
191,47,1,ALLOW
15,69,5,DEGRADE
57,89,4,DROP
117,59,1,ALLOW
26,70,8,DEGRADE
18,15,1,ALLOW
40,76,5,DEGRADE
94,35,10,ALLOW
74,80,7,DEGRADE
103,23,6,ALLOW
179,22,6,ALLOW
161,32,5,ALLOW
165,34,9,ALLOW
33,98,4,DROP
80,31,7,ALLOW
43,30,5,ALLOW
55,43,5,ALLOW
99,92,10,DEGRADE
129,40,2,ALLOW
95,78,1,DEGRADE
169,71,9,DEGRADE
7,14,6,ALLOW
194,17,5,ALLOW
183,3,3,ALLOW
94,30,5,ALLOW
172,40,1,ALLOW
94,95,10,DEGRADE
47,31,8,ALLOW
78,46,5,ALLOW
196,78,3,DEGRADE
139,45,1,ALLOW
65,63,1,DEGRADE
63,72,4,DEGRADE
131,47,9,ALLOW
167,85,10,DEGRADE
56,82,10,DEGRADE
195,1,10,ALLOW
110,62,4,DEGRADE
133,99,1,DROP
103,55,10,ALLOW
122,66,5,DEGRADE
20,97,3,DROP
178,90,7,DEGRADE
78,20,2,ALLOW
121,15,9,ALLOW
138,89,10,DEGRADE
123,68,3,DEGRADE
124,94,9,DEGRADE
44,89,2,DROP
173,75,2,DEGRADE
50,50,8,ALLOW
189,10,6,ALLOW
118,18,9,ALLOW
85,26,7,ALLOW
168,57,10,ALLOW
137,65,7,DEGRADE
96,11,6,ALLOW
20,46,1,ALLOW
123,54,10,ALLOW
190,79,6,DEGRADE
56,79,3,DEGRADE
92,52,1,ALLOW
72,90,6,DEGRADE
145,68,6,DEGRADE
45,19,4,ALLOW
106,30,4,ALLOW
131,20,10,ALLOW
120,68,8,DEGRADE
73,41,3,ALLOW
31,32,2,ALLOW
40,78,8,DEGRADE
2,58,1,ALLOW
1,91,1,DROP
181,35,6,ALLOW
22,58,6,ALLOW
33,91,9,DEGRADE
34,45,2,ALLOW
98,14,1,ALLOW
164,48,3,ALLOW
31,98,8,DEGRADE
34,59,1,ALLOW
100,42,4,ALLOW
147,21,3,ALLOW
187,15,2,ALLOW
90,22,7,ALLOW
114,56,4,ALLOW
176,26,6,ALLOW
22,11,8,ALLOW
15,19,8,ALLOW
174,44,4,ALLOW
53,54,7,ALLOW
52,3,4,ALLOW
87,7,10,ALLOW
134,91,1,DROP
62,15,10,ALLOW
15,17,5,ALLOW
116,67,7,DEGRADE
49,11,3,ALLOW
30,71,4,DEGRADE
36,17,8,ALLOW
148,6,4,ALLOW
122,62,2,DEGRADE
182,22,7,ALLOW
173,22,10,ALLOW
140,61,1,DEGRADE
68,63,2,DEGRADE
83,92,6,DEGRADE
197,8,5,ALLOW
143,7,10,ALLOW
10,63,7,DEGRADE
78,11,5,ALLOW
138,74,3,DEGRADE
95,11,7,ALLOW
169,56,7,ALLOW
176,73,9,DEGRADE
113,84,5,DEGRADE
26,31,6,ALLOW
38,92,6,DEGRADE
145,45,8,ALLOW
171,39,4,ALLOW
40,73,1,DEGRADE
181,67,10,DEGRADE
179,95,8,DEGRADE
54,95,3,DROP
99,34,7,ALLOW
9,94,9,DEGRADE
9,34,9,ALLOW
183,68,8,DEGRADE
174,34,4,ALLOW
65,70,4,DEGRADE
62,42,9,ALLOW
83,49,4,ALLOW
190,34,5,ALLOW
20,19,8,ALLOW
149,54,2,ALLOW
18,89,7,DEGRADE
188,71,6,DEGRADE
46,65,2,DEGRADE
86,12,2,ALLOW
44,71,2,DEGRADE
61,34,6,ALLOW
192,8,2,ALLOW
156,94,5,DEGRADE
146,29,9,ALLOW
2,41,10,ALLOW
164,71,8,DEGRADE
69,39,10,ALLOW
35,37,1,ALLOW
193,36,8,ALLOW
142,69,6,DEGRADE
77,5,6,ALLOW
14,12,2,ALLOW
67,69,3,DEGRADE
99,55,5,ALLOW
110,56,9,ALLOW
135,42,10,ALLOW
163,6,10,ALLOW
141,84,3,DROP
34,83,10,DEGRADE
139,10,10,ALLOW
10,14,5,ALLOW
133,46,6,ALLOW
91,32,4,ALLOW
90,24,7,ALLOW
53,19,7,ALLOW
42,26,6,ALLOW
74,97,8,DEGRADE
6,12,1,ALLOW
140,53,2,ALLOW
118,4,1,ALLOW
138,50,6,ALLOW
116,76,9,DEGRADE
175,26,1,ALLOW
194,33,2,ALLOW
8,53,8,ALLOW
58,22,1,ALLOW
162,36,9,ALLOW
2,93,1,DROP
149,76,1,DEGRADE
10,38,1,ALLOW
194,68,4,DEGRADE
200,71,6,DEGRADE
128,34,8,ALLOW
160,38,7,ALLOW
79,45,3,ALLOW
38,19,1,ALLOW
105,34,8,ALLOW
160,17,8,ALLOW
147,14,3,ALLOW
176,72,5,DEGRADE
173,79,10,DEGRADE
199,24,3,ALLOW
135,66,4,DEGRADE
62,79,7,DEGRADE
160,75,6,DEGRADE
100,95,7,DEGRADE
84,42,3,ALLOW
99,14,2,ALLOW
185,89,3,DROP
191,1,2,ALLOW
83,47,8,ALLOW
91,62,1,DEGRADE
7,34,2,ALLOW
127,11,2,ALLOW
3,19,9,ALLOW
51,37,6,ALLOW
61,8,10,ALLOW
37,63,2,DEGRADE
111,57,6,ALLOW
131,77,5,DEGRADE
112,18,5,ALLOW
19,28,4,ALLOW
49,58,9,ALLOW
94,33,8,ALLOW
167,63,10,DEGRADE
43,96,10,DEGRADE
35,9,7,ALLOW
54,50,3,ALLOW
172,88,8,DEGRADE
73,39,2,ALLOW
80,56,8,ALLOW
174,93,9,DEGRADE
87,62,1,DEGRADE
97,7,1,ALLOW
15,49,4,ALLOW
51,94,3,DROP
138,52,10,ALLOW
50,18,1,ALLOW
23,62,6,DEGRADE
122,86,4,DROP
69,72,1,DEGRADE
143,85,6,DEGRADE
80,93,8,DEGRADE
107,40,8,ALLOW
142,2,9,ALLOW
170,64,3,DEGRADE
47,39,1,ALLOW
19,79,5,DEGRADE
95,29,4,ALLOW
24,20,1,ALLOW
170,55,5,ALLOW
197,71,4,DEGRADE
4,90,3,DROP
143,10,2,ALLOW
180,29,2,ALLOW
187,7,1,ALLOW
32,27,3,ALLOW
164,76,1,DEGRADE
94,88,10,DEGRADE
87,58,8,ALLOW
126,84,6,DEGRADE
200,60,5,ALLOW
185,65,7,DEGRADE
200,4,5,ALLOW
111,87,5,DEGRADE
128,84,3,DROP
63,82,5,DEGRADE
51,13,10,ALLOW
121,86,4,DROP
136,41,8,ALLOW
61,15,9,ALLOW
147,19,10,ALLOW
146,26,4,ALLOW
143,99,6,DEGRADE
165,32,1,ALLOW
148,100,4,DROP
63,91,7,DEGRADE
35,58,10,ALLOW
78,51,9,ALLOW
99,2,10,ALLOW
115,36,6,ALLOW
68,10,4,ALLOW
135,52,7,ALLOW
182,51,8,ALLOW
91,81,10,DEGRADE
44,12,10,ALLOW
140,84,7,DEGRADE
115,91,10,DEGRADE
40,39,10,ALLOW
156,79,10,DEGRADE
60,82,8,DEGRADE
52,20,4,ALLOW
190,5,2,ALLOW
154,41,6,ALLOW
61,51,9,ALLOW
55,68,7,DEGRADE
103,43,7,ALLOW
76,32,7,ALLOW
150,99,2,DROP
85,19,7,ALLOW
95,82,4,DROP
162,8,5,ALLOW
10,37,9,ALLOW
59,9,8,ALLOW
117,83,10,DEGRADE
175,70,3,DEGRADE
179,58,4,ALLOW
58,65,6,DEGRADE
182,60,10,ALLOW
60,26,6,ALLOW
79,27,8,ALLOW
52,19,7,ALLOW
5,61,1,DEGRADE
13,30,3,ALLOW
106,99,6,DEGRADE
71,64,5,DEGRADE
144,23,5,ALLOW
14,12,9,ALLOW
65,28,8,ALLOW
171,47,5,ALLOW
151,57,3,ALLOW
26,76,5,DEGRADE
162,86,1,DROP
116,94,7,DEGRADE
198,78,2,DEGRADE
40,71,2,DEGRADE
127,2,10,ALLOW
169,12,9,ALLOW
83,51,4,ALLOW
1,91,7,DEGRADE
52,31,2,ALLOW
82,8,9,ALLOW
100,37,8,ALLOW
155,77,7,DEGRADE
115,27,5,ALLOW
165,39,6,ALLOW
3,3,1,ALLOW
17,19,4,ALLOW
102,49,2,ALLOW
80,73,1,DEGRADE
95,10,2,ALLOW
64,24,10,ALLOW
4,13,3,ALLOW
150,5,7,ALLOW
159,96,6,DEGRADE
94,37,7,ALLOW
183,28,6,ALLOW
132,80,2,DEGRADE
74,39,6,ALLOW
73,14,4,ALLOW
40,2,4,ALLOW
50,24,5,ALLOW
65,93,9,DEGRADE
48,11,8,ALLOW
48,71,5,DEGRADE
108,58,9,ALLOW
171,69,9,DEGRADE
172,82,10,DEGRADE
50,90,4,DROP
42,84,4,DROP
161,12,6,ALLOW
10,99,8,DEGRADE
101,24,3,ALLOW
91,22,9,ALLOW
106,92,5,DEGRADE
84,43,7,ALLOW
145,82,3,DROP
83,51,2,ALLOW
163,35,10,ALLOW
169,96,10,DEGRADE
30,29,5,ALLOW
9,57,5,ALLOW
148,42,10,ALLOW
160,93,6,DEGRADE
200,10,8,ALLOW
118,80,6,DEGRADE
67,40,4,ALLOW
137,42,3,ALLOW
66,25,5,ALLOW
56,40,10,ALLOW
142,31,5,ALLOW
108,31,10,ALLOW
1,19,5,ALLOW
187,41,7,ALLOW
36,54,9,ALLOW
113,87,9,DEGRADE
31,25,8,ALLOW
134,85,2,DROP
39,61,7,DEGRADE
31,52,1,ALLOW
189,75,7,DEGRADE
108,79,2,DEGRADE
77,58,7,ALLOW
198,61,2,DEGRADE
84,5,1,ALLOW
160,27,6,ALLOW
44,29,6,ALLOW
126,42,5,ALLOW
107,16,4,ALLOW
197,76,5,DEGRADE
173,92,9,DEGRADE
21,19,2,ALLOW
142,8,10,ALLOW
179,100,1,DROP
61,8,5,ALLOW
21,51,8,ALLOW
16,79,3,DEGRADE
92,68,4,DEGRADE
22,64,8,DEGRADE
146,55,1,ALLOW
71,60,2,ALLOW
147,91,9,DEGRADE
116,6,2,ALLOW
107,41,6,ALLOW
122,36,1,ALLOW
70,59,1,ALLOW
102,5,7,ALLOW
37,28,1,ALLOW
74,57,4,ALLOW
147,56,1,ALLOW
56,39,2,ALLOW
2,22,9,ALLOW
104,93,3,DROP
16,42,1,ALLOW
161,43,7,ALLOW
68,10,7,ALLOW
96,5,2,ALLOW
142,10,8,ALLOW
184,63,4,DEGRADE
189,44,5,ALLOW
79,73,8,DEGRADE
46,10,9,ALLOW
193,75,4,DEGRADE
122,89,7,DEGRADE
67,96,10,DEGRADE
86,12,4,ALLOW
163,87,2,DROP
57,89,9,DEGRADE
14,27,8,ALLOW
91,10,8,ALLOW
90,89,6,DEGRADE
43,20,6,ALLOW
170,10,2,ALLOW
60,91,3,DROP
199,60,3,ALLOW
108,42,10,ALLOW
70,94,4,DROP
122,77,5,DEGRADE
175,93,8,DEGRADE
33,93,6,DEGRADE
84,35,9,ALLOW
107,76,4,DEGRADE
128,99,4,DROP
169,70,2,DEGRADE
116,72,7,DEGRADE
14,48,10,ALLOW
29,62,4,DEGRADE
172,89,4,DROP
109,50,9,ALLOW
110,50,8,ALLOW
147,42,9,ALLOW
140,64,8,DEGRADE
194,68,1,DEGRADE
20,41,2,ALLOW
55,8,6,ALLOW
64,39,1,ALLOW
80,89,6,DEGRADE
162,45,3,ALLOW
179,88,6,DEGRADE
64,30,3,ALLOW
79,25,2,ALLOW
146,44,8,ALLOW
179,68,3,DEGRADE
181,24,5,ALLOW
6,35,5,ALLOW
97,59,4,ALLOW
84,47,8,ALLOW
181,71,7,DEGRADE
177,96,1,DROP
110,59,9,ALLOW
92,59,3,ALLOW
19,82,8,DEGRADE
195,4,9,ALLOW
115,32,3,ALLOW
159,6,6,ALLOW
73,47,6,ALLOW
95,92,6,DEGRADE
123,68,2,DEGRADE
65,35,4,ALLOW
172,65,8,DEGRADE
119,3,2,ALLOW
166,71,1,DEGRADE
45,79,6,DEGRADE
101,93,8,DEGRADE
132,62,10,DEGRADE
19,10,8,ALLOW
116,23,7,ALLOW
136,97,8,DEGRADE
44,42,2,ALLOW
154,94,5,DEGRADE
53,57,6,ALLOW
93,50,3,ALLOW
138,52,10,ALLOW
140,67,4,DEGRADE
49,97,7,DEGRADE
187,4,8,ALLOW
82,69,8,DEGRADE
18,37,8,ALLOW
145,100,10,DEGRADE
186,100,6,DEGRADE
49,73,3,DEGRADE
60,67,7,DEGRADE
21,53,1,ALLOW
27,49,6,ALLOW
111,92,7,DEGRADE
142,47,8,ALLOW
142,1,9,ALLOW
72,100,2,DROP
59,78,6,DEGRADE
75,71,7,DEGRADE
143,90,6,DEGRADE
21,2,6,ALLOW
125,22,9,ALLOW
92,97,6,DEGRADE
108,95,7,DEGRADE
93,92,4,DROP
106,26,1,ALLOW
112,13,6,ALLOW
107,48,7,ALLOW
154,100,10,DEGRADE
9,79,7,DEGRADE
179,8,10,ALLOW
153,90,1,DROP
49,58,6,ALLOW
182,4,1,ALLOW
175,20,2,ALLOW
129,83,4,DROP
166,52,7,ALLOW
69,9,5,ALLOW
53,90,4,DROP
108,85,10,DEGRADE
99,3,9,ALLOW
41,41,8,ALLOW
127,9,4,ALLOW
93,62,1,DEGRADE
184,32,2,ALLOW
49,60,8,ALLOW
11,67,4,DEGRADE
53,73,10,DEGRADE
22,89,7,DEGRADE
38,30,8,ALLOW
123,24,8,ALLOW
19,100,8,DEGRADE
137,79,9,DEGRADE
127,44,6,ALLOW
48,70,1,DEGRADE
115,20,6,ALLOW
192,70,2,DEGRADE
47,9,10,ALLOW
134,48,10,ALLOW
13,50,8,ALLOW
153,12,5,ALLOW
160,82,5,DEGRADE
35,53,1,ALLOW
22,48,4,ALLOW
101,10,3,ALLOW
183,10,10,ALLOW
180,47,3,ALLOW
190,29,3,ALLOW
163,95,2,DROP
2,14,5,ALLOW
187,30,1,ALLOW
189,29,2,ALLOW
189,18,7,ALLOW
121,57,8,ALLOW
76,21,9,ALLOW
93,16,7,ALLOW
186,66,2,DEGRADE
96,11,9,ALLOW
42,75,4,DEGRADE
43,49,4,ALLOW
106,74,7,DEGRADE
132,90,5,DEGRADE
146,96,9,DEGRADE
101,84,1,DROP
155,61,7,DEGRADE
27,23,10,ALLOW
4,24,7,ALLOW
72,60,5,ALLOW
16,8,3,ALLOW
192,13,10,ALLOW
77,98,1,DROP
74,25,5,ALLOW
152,47,6,ALLOW
173,98,2,DROP
117,22,6,ALLOW
51,73,10,DEGRADE
179,71,8,DEGRADE
43,57,8,ALLOW
71,60,8,ALLOW
7,80,6,DEGRADE
169,35,6,ALLOW
79,40,6,ALLOW
83,86,1,DROP
167,96,5,DEGRADE
23,60,8,ALLOW
30,21,4,ALLOW
39,98,6,DEGRADE
198,45,9,ALLOW
155,10,5,ALLOW
44,29,10,ALLOW
77,11,7,ALLOW
156,85,4,DROP
181,88,2,DROP
102,16,8,ALLOW
72,94,4,DROP
56,28,4,ALLOW
2,65,6,DEGRADE
74,73,7,DEGRADE
198,29,5,ALLOW
131,77,5,DEGRADE
133,73,3,DEGRADE
140,29,1,ALLOW
122,91,8,DEGRADE
103,31,9,ALLOW
180,84,2,DROP
25,8,8,ALLOW
170,4,4,ALLOW
184,57,9,ALLOW
148,17,5,ALLOW
162,27,2,ALLOW
26,30,4,ALLOW
14,100,1,DROP
98,21,1,ALLOW
156,3,4,ALLOW
103,35,5,ALLOW
195,11,10,ALLOW
76,75,2,DEGRADE
28,65,3,DEGRADE
95,25,1,ALLOW
162,58,8,ALLOW
183,29,6,ALLOW
96,36,1,ALLOW
159,39,4,ALLOW
167,93,9,DEGRADE
13,88,4,DROP
23,17,5,ALLOW
1,17,6,ALLOW
5,31,7,ALLOW
147,59,10,ALLOW
139,74,3,DEGRADE
87,72,6,DEGRADE
162,97,2,DROP
15,60,5,ALLOW
13,82,7,DEGRADE
132,89,3,DROP
110,51,6,ALLOW
181,99,9,DEGRADE
154,14,4,ALLOW
95,59,1,ALLOW
38,100,2,DROP
53,67,7,DEGRADE
63,86,3,DROP
153,6,7,ALLOW
25,99,5,DEGRADE
94,58,4,ALLOW
102,71,4,DEGRADE
23,1,4,ALLOW
48,3,10,ALLOW
166,45,5,ALLOW
79,34,5,ALLOW
7,77,5,DEGRADE
139,27,9,ALLOW
142,66,6,DEGRADE
136,54,4,ALLOW
166,47,4,ALLOW
117,43,3,ALLOW
156,75,8,DEGRADE
122,19,8,ALLOW
198,34,8,ALLOW
159,46,3,ALLOW
30,87,7,DEGRADE
99,33,1,ALLOW
91,45,8,ALLOW
60,4,7,ALLOW
163,41,2,ALLOW
112,79,1,DEGRADE
108,12,6,ALLOW
198,77,3,DEGRADE
58,54,8,ALLOW
108,36,10,ALLOW
104,25,6,ALLOW
180,74,10,DEGRADE
23,38,4,ALLOW
61,95,9,DEGRADE
12,54,10,ALLOW
186,45,1,ALLOW
8,66,2,DEGRADE
33,29,1,ALLOW
18,65,8,DEGRADE
176,69,10,DEGRADE
199,20,7,ALLOW
149,58,4,ALLOW
34,35,4,ALLOW
111,49,9,ALLOW
138,16,8,ALLOW
88,55,4,ALLOW
109,5,1,ALLOW
188,89,2,DROP
73,55,6,ALLOW
192,96,8,DEGRADE
191,16,9,ALLOW
97,21,5,ALLOW
22,79,9,DEGRADE
190,58,3,ALLOW
19,56,2,ALLOW
101,45,8,ALLOW
93,15,3,ALLOW
19,3,9,ALLOW
134,38,7,ALLOW
183,74,2,DEGRADE
166,85,9,DEGRADE
87,42,6,ALLOW
118,60,8,ALLOW
156,58,4,ALLOW
10,22,2,ALLOW
136,75,6,DEGRADE
121,21,9,ALLOW
58,16,5,ALLOW
85,55,1,ALLOW
56,54,4,ALLOW
87,58,5,ALLOW
155,86,2,DROP
176,41,3,ALLOW
142,44,3,ALLOW
190,43,4,ALLOW
27,90,4,DROP
62,88,7,DEGRADE
117,99,8,DEGRADE
85,14,1,ALLOW
103,48,6,ALLOW
127,5,5,ALLOW
52,85,4,DROP
55,50,6,ALLOW
26,35,7,ALLOW
166,55,9,ALLOW
46,73,5,DEGRADE
85,38,4,ALLOW
33,33,2,ALLOW
188,32,9,ALLOW
183,88,7,DEGRADE
140,13,7,ALLOW
33,12,9,ALLOW
58,81,3,DROP
169,76,3,DEGRADE
77,51,7,ALLOW
1,51,4,ALLOW
197,30,6,ALLOW
48,59,1,ALLOW
174,39,2,ALLOW
49,78,4,DEGRADE
149,5,5,ALLOW
165,76,9,DEGRADE
149,56,8,ALLOW
163,13,4,ALLOW
123,18,8,ALLOW
10,81,7,DEGRADE
100,12,3,ALLOW
55,14,9,ALLOW
154,1,3,ALLOW
76,29,2,ALLOW
134,69,5,DEGRADE
48,34,8,ALLOW
173,48,4,ALLOW
82,5,10,ALLOW
148,43,2,ALLOW
114,22,1,ALLOW
3,45,3,ALLOW
153,10,4,ALLOW
4,9,9,ALLOW
68,29,3,ALLOW
89,50,8,ALLOW
153,66,3,DEGRADE
109,75,7,DEGRADE
193,35,2,ALLOW
95,91,3,DROP
158,79,10,DEGRADE
170,63,5,DEGRADE
42,49,9,ALLOW
75,30,10,ALLOW
74,31,2,ALLOW
103,37,3,ALLOW
13,95,6,DEGRADE
198,41,2,ALLOW
24,4,2,ALLOW
130,67,8,DEGRADE
183,65,5,DEGRADE
131,64,5,DEGRADE
27,96,4,DROP
21,77,3,DEGRADE
141,60,8,ALLOW
82,21,2,ALLOW
88,9,4,ALLOW
140,38,7,ALLOW
156,50,1,ALLOW
136,49,2,ALLOW
175,1,9,ALLOW
6,42,9,ALLOW
69,82,2,DROP
71,78,8,DEGRADE
150,89,6,DEGRADE
163,85,6,DEGRADE
124,35,4,ALLOW
37,6,7,ALLOW
133,92,3,DROP
39,66,7,DEGRADE
131,27,10,ALLOW
145,51,10,ALLOW
23,59,1,ALLOW
98,53,7,ALLOW
86,76,8,DEGRADE
18,1,8,ALLOW
81,4,10,ALLOW
135,89,6,DEGRADE
22,97,6,DEGRADE
166,88,4,DROP
65,97,5,DEGRADE
136,81,2,DROP
168,23,6,ALLOW
68,68,3,DEGRADE
123,93,7,DEGRADE
78,49,10,ALLOW
34,67,3,DEGRADE
159,68,8,DEGRADE
85,99,6,DEGRADE
180,48,2,ALLOW
190,2,1,ALLOW
73,82,10,DEGRADE
74,8,9,ALLOW
47,92,4,DROP
62,7,4,ALLOW
4,15,6,ALLOW
113,73,3,DEGRADE
60,22,9,ALLOW
191,17,2,ALLOW
58,5,7,ALLOW
178,74,8,DEGRADE
95,51,1,ALLOW
91,57,5,ALLOW
142,43,3,ALLOW
196,1,7,ALLOW
157,29,4,ALLOW
132,26,3,ALLOW
8,14,1,ALLOW
40,60,3,ALLOW
133,34,4,ALLOW
30,38,5,ALLOW
158,53,9,ALLOW
185,56,7,ALLOW
163,57,8,ALLOW
52,90,9,DEGRADE
111,85,4,DROP
64,18,5,ALLOW
10,32,4,ALLOW
3,92,1,DROP
51,27,1,ALLOW
66,15,9,ALLOW
118,29,8,ALLOW
70,46,1,ALLOW
195,82,6,DEGRADE
118,37,1,ALLOW
127,69,1,DEGRADE
2,84,6,DEGRADE
42,6,7,ALLOW
116,27,7,ALLOW
155,56,5,ALLOW
163,10,5,ALLOW
25,48,10,ALLOW
108,30,4,ALLOW
78,31,3,ALLOW
84,28,3,ALLOW
53,49,4,ALLOW
150,52,1,ALLOW
42,98,2,DROP
173,27,5,ALLOW
68,57,8,ALLOW
93,36,7,ALLOW
46,52,3,ALLOW
15,62,10,DEGRADE
184,58,5,ALLOW
118,85,2,DROP
142,17,9,ALLOW
34,82,7,DEGRADE
57,39,9,ALLOW
56,97,2,DROP
85,83,7,DEGRADE
120,78,2,DEGRADE
46,88,8,DEGRADE
196,76,4,DEGRADE
151,79,10,DEGRADE
55,37,9,ALLOW
122,37,9,ALLOW
103,98,8,DEGRADE
22,24,9,ALLOW
70,96,4,DROP
113,64,1,DEGRADE
52,76,8,DEGRADE
149,81,7,DEGRADE
109,33,10,ALLOW
4,69,5,DEGRADE
103,6,5,ALLOW
152,65,6,DEGRADE
23,47,4,ALLOW
144,4,2,ALLOW
155,20,6,ALLOW
138,36,10,ALLOW
30,59,2,ALLOW
68,28,9,ALLOW
81,76,10,DEGRADE
73,77,6,DEGRADE
134,72,9,DEGRADE
197,31,5,ALLOW
183,55,5,ALLOW
149,93,7,DEGRADE
170,40,5,ALLOW
164,1,1,ALLOW
138,51,10,ALLOW
10,93,6,DEGRADE
61,20,6,ALLOW
134,89,1,DROP
177,31,7,ALLOW
32,49,10,ALLOW
43,87,6,DEGRADE
145,59,3,ALLOW
87,29,3,ALLOW
185,80,6,DEGRADE
72,43,2,ALLOW
171,4,6,ALLOW
41,23,5,ALLOW
178,50,2,ALLOW
155,98,9,DEGRADE
197,2,3,ALLOW
182,12,6,ALLOW
170,50,8,ALLOW
6,68,4,DEGRADE
170,81,4,DROP
150,10,7,ALLOW
35,73,8,DEGRADE
13,76,7,DEGRADE
62,57,8,ALLOW
188,62,4,DEGRADE
68,18,3,ALLOW
190,6,9,ALLOW
31,19,9,ALLOW
168,18,9,ALLOW
174,10,5,ALLOW
52,9,1,ALLOW
31,25,2,ALLOW
178,46,10,ALLOW
74,96,5,DEGRADE
70,56,7,ALLOW
117,56,2,ALLOW
186,39,4,ALLOW
123,87,9,DEGRADE
133,22,5,ALLOW
38,48,10,ALLOW
12,35,2,ALLOW
197,83,9,DEGRADE
143,80,1,DEGRADE
3,39,1,ALLOW
142,19,10,ALLOW
195,17,1,ALLOW
155,45,7,ALLOW
25,26,5,ALLOW
60,68,8,DEGRADE
148,55,10,ALLOW
192,16,10,ALLOW
125,73,10,DEGRADE
188,49,6,ALLOW
197,87,2,DROP
90,22,5,ALLOW
187,83,8,DEGRADE
82,5,4,ALLOW
9,30,2,ALLOW
150,5,7,ALLOW
92,27,6,ALLOW
110,88,10,DEGRADE
63,100,2,DROP
49,48,7,ALLOW
170,31,6,ALLOW
183,61,1,DEGRADE
13,68,10,DEGRADE
155,1,3,ALLOW
118,67,1,DEGRADE
102,79,10,DEGRADE
66,26,5,ALLOW
147,56,3,ALLOW
34,18,4,ALLOW
38,6,10,ALLOW
196,18,1,ALLOW
5,6,4,ALLOW
88,78,5,DEGRADE
30,23,7,ALLOW
194,5,2,ALLOW
177,60,9,ALLOW
8,73,1,DEGRADE
57,24,4,ALLOW
188,67,7,DEGRADE
5,59,9,ALLOW
96,31,7,ALLOW
18,42,7,ALLOW
36,78,2,DEGRADE
12,53,6,ALLOW
128,30,10,ALLOW
93,64,2,DEGRADE
74,16,8,ALLOW
91,63,10,DEGRADE
165,28,2,ALLOW
32,7,2,ALLOW
115,87,2,DROP
193,85,9,DEGRADE
96,70,3,DEGRADE
177,15,4,ALLOW
86,36,6,ALLOW
33,8,4,ALLOW
21,9,5,ALLOW
40,46,5,ALLOW
115,17,9,ALLOW
186,76,6,DEGRADE
15,74,2,DEGRADE
198,39,4,ALLOW
138,86,6,DEGRADE
74,90,10,DEGRADE
3,6,8,ALLOW
167,33,8,ALLOW
138,14,4,ALLOW
29,42,3,ALLOW
126,14,8,ALLOW
176,50,10,ALLOW
141,80,1,DEGRADE
73,83,1,DROP
112,90,3,DROP
59,27,10,ALLOW
21,13,8,ALLOW
69,83,8,DEGRADE
32,12,5,ALLOW
154,65,6,DEGRADE
165,18,3,ALLOW
51,74,1,DEGRADE
13,87,6,DEGRADE
64,78,6,DEGRADE
19,31,6,ALLOW
99,88,2,DROP
90,73,8,DEGRADE
32,43,4,ALLOW
137,35,9,ALLOW
181,62,10,DEGRADE
94,87,5,DEGRADE
49,69,5,DEGRADE
46,51,4,ALLOW
180,64,3,DEGRADE
186,77,2,DEGRADE
60,26,8,ALLOW
43,56,9,ALLOW
126,34,5,ALLOW
151,43,2,ALLOW
138,40,9,ALLOW
122,36,3,ALLOW
3,67,3,DEGRADE
42,20,5,ALLOW
93,88,9,DEGRADE
82,46,5,ALLOW
115,92,4,DROP
49,10,7,ALLOW
157,64,5,DEGRADE
99,40,3,ALLOW
193,41,4,ALLOW
141,12,6,ALLOW
40,54,1,ALLOW
156,76,1,DEGRADE
71,94,7,DEGRADE
142,7,8,ALLOW
108,70,8,DEGRADE
14,53,1,ALLOW
65,41,4,ALLOW
73,8,3,ALLOW
62,93,9,DEGRADE
39,23,7,ALLOW
130,17,3,ALLOW
157,35,3,ALLOW
12,40,7,ALLOW
165,98,10,DEGRADE
25,37,7,ALLOW
30,100,8,DEGRADE
108,84,9,DEGRADE
169,74,10,DEGRADE
71,25,8,ALLOW
149,55,7,ALLOW
109,16,10,ALLOW
62,1,6,ALLOW
40,25,4,ALLOW
101,4,2,ALLOW
41,62,7,DEGRADE
51,44,5,ALLOW
11,58,10,ALLOW
198,57,8,ALLOW
94,48,3,ALLOW
111,92,9,DEGRADE
151,32,2,ALLOW
95,30,4,ALLOW
97,93,1,DROP
95,60,6,ALLOW
102,2,2,ALLOW
189,49,4,ALLOW
53,76,5,DEGRADE
25,100,2,DROP
175,96,1,DROP
94,57,8,ALLOW
153,96,1,DROP
138,87,6,DEGRADE
37,83,8,DEGRADE
61,76,7,DEGRADE
80,6,4,ALLOW
167,16,2,ALLOW
169,27,10,ALLOW
135,17,6,ALLOW
15,12,10,ALLOW
74,2,4,ALLOW
61,92,2,DROP
69,11,5,ALLOW
80,92,9,DEGRADE
77,99,6,DEGRADE
199,98,9,DEGRADE
189,37,1,ALLOW
112,9,3,ALLOW
50,40,8,ALLOW
192,33,2,ALLOW
60,20,4,ALLOW
28,23,3,ALLOW
189,57,10,ALLOW
40,35,9,ALLOW
133,28,5,ALLOW
200,42,6,ALLOW
187,88,3,DROP
149,93,2,DROP
142,2,3,ALLOW
147,34,7,ALLOW
78,5,8,ALLOW
132,45,1,ALLOW
27,71,6,DEGRADE
95,58,10,ALLOW
72,98,6,DEGRADE
173,100,3,DROP
94,17,7,ALLOW
66,41,5,ALLOW
97,18,7,ALLOW
58,6,3,ALLOW
156,46,6,ALLOW
5,51,8,ALLOW
35,36,8,ALLOW
114,14,1,ALLOW
14,55,9,ALLOW
84,8,4,ALLOW
62,83,7,DEGRADE
51,9,9,ALLOW
136,76,7,DEGRADE
149,59,5,ALLOW
126,18,1,ALLOW
82,48,5,ALLOW
109,59,7,ALLOW
112,9,8,ALLOW
170,4,5,ALLOW
58,18,3,ALLOW
194,69,3,DEGRADE
15,71,3,DEGRADE
191,11,5,ALLOW
76,46,8,ALLOW
127,42,2,ALLOW
24,70,10,DEGRADE
27,10,4,ALLOW
75,79,9,DEGRADE
169,70,6,DEGRADE
15,4,1,ALLOW
132,27,8,ALLOW
37,71,4,DEGRADE
182,21,7,ALLOW
127,63,7,DEGRADE
30,12,8,ALLOW
196,47,10,ALLOW
43,39,2,ALLOW
178,40,9,ALLOW
33,96,5,DEGRADE
93,62,9,DEGRADE
33,59,6,ALLOW
108,27,4,ALLOW
4,82,7,DEGRADE
67,59,2,ALLOW
107,42,1,ALLOW
10,17,2,ALLOW
98,100,6,DEGRADE
181,23,5,ALLOW
115,36,6,ALLOW
15,87,2,DROP
188,42,3,ALLOW
72,97,4,DROP
93,2,10,ALLOW
140,95,2,DROP
199,48,10,ALLOW
136,38,9,ALLOW
199,71,9,DEGRADE
84,18,3,ALLOW
148,56,5,ALLOW
95,33,10,ALLOW
115,83,6,DEGRADE
108,23,10,ALLOW
110,35,9,ALLOW
71,55,1,ALLOW
117,6,9,ALLOW
168,12,6,ALLOW
169,35,5,ALLOW
44,91,10,DEGRADE
19,24,2,ALLOW
121,5,6,ALLOW
160,73,7,DEGRADE
48,9,10,ALLOW
51,25,7,ALLOW
69,80,4,DEGRADE
156,45,2,ALLOW
158,61,6,DEGRADE
157,65,7,DEGRADE
9,54,8,ALLOW
117,19,1,ALLOW
181,27,4,ALLOW
125,28,4,ALLOW
73,54,8,ALLOW
38,59,7,ALLOW
62,74,10,DEGRADE
21,96,2,DROP
106,99,6,DEGRADE
101,86,9,DEGRADE
63,62,10,DEGRADE
85,41,6,ALLOW
197,85,2,DROP
158,21,1,ALLOW
68,81,1,DROP
136,95,6,DEGRADE
124,58,7,ALLOW
162,76,7,DEGRADE
188,36,2,ALLOW
16,29,8,ALLOW
41,74,10,DEGRADE
157,7,1,ALLOW
55,81,3,DROP
35,25,9,ALLOW
192,43,9,ALLOW
76,8,9,ALLOW
62,96,6,DEGRADE
179,58,9,ALLOW
30,17,5,ALLOW
151,20,8,ALLOW
16,46,6,ALLOW
58,6,3,ALLOW
82,56,5,ALLOW
156,82,3,DROP
29,87,10,DEGRADE
181,12,10,ALLOW
53,34,7,ALLOW
30,19,4,ALLOW
78,54,2,ALLOW
189,74,2,DEGRADE
11,31,1,ALLOW
9,41,5,ALLOW
13,85,2,DROP
174,48,4,ALLOW
146,69,4,DEGRADE
30,57,7,ALLOW
35,48,4,ALLOW
48,4,1,ALLOW
160,23,1,ALLOW
105,21,5,ALLOW
45,63,3,DEGRADE
184,20,8,ALLOW
73,9,5,ALLOW
151,86,5,DEGRADE
39,9,3,ALLOW
152,12,7,ALLOW
200,35,3,ALLOW
156,7,7,ALLOW
49,78,4,DEGRADE
164,91,8,DEGRADE
77,22,10,ALLOW
163,21,8,ALLOW
53,30,2,ALLOW
103,3,1,ALLOW
36,27,1,ALLOW
116,92,9,DEGRADE
73,71,4,DEGRADE
90,66,3,DEGRADE
155,1,6,ALLOW
137,74,1,DEGRADE
44,21,3,ALLOW
92,54,10,ALLOW
156,5,10,ALLOW
196,61,6,DEGRADE
54,60,3,ALLOW
164,61,7,DEGRADE
149,10,5,ALLOW
168,55,2,ALLOW
197,28,3,ALLOW
65,32,5,ALLOW
84,57,2,ALLOW
153,73,5,DEGRADE
179,20,1,ALLOW
154,4,1,ALLOW
55,66,6,DEGRADE
9,24,9,ALLOW
33,45,6,ALLOW
69,70,3,DEGRADE
78,64,1,DEGRADE
46,91,8,DEGRADE
198,28,8,ALLOW
137,70,9,DEGRADE
154,20,9,ALLOW
33,96,10,DEGRADE
52,56,4,ALLOW
167,85,5,DEGRADE
134,45,7,ALLOW
186,1,4,ALLOW
69,31,1,ALLOW
53,91,9,DEGRADE
198,87,5,DEGRADE
121,28,9,ALLOW
158,22,3,ALLOW
4,10,8,ALLOW
187,86,5,DEGRADE
89,83,9,DEGRADE
76,35,5,ALLOW
71,85,10,DEGRADE
73,29,10,ALLOW
34,43,2,ALLOW
195,22,5,ALLOW
149,100,10,DEGRADE
125,15,2,ALLOW
176,26,3,ALLOW
195,13,1,ALLOW
150,31,9,ALLOW
86,91,8,DEGRADE
23,76,4,DEGRADE
161,54,9,ALLOW
56,56,6,ALLOW
137,69,4,DEGRADE
6,97,1,DROP
110,99,9,DEGRADE
96,1,6,ALLOW
182,34,6,ALLOW
94,56,3,ALLOW
48,81,2,DROP
8,42,1,ALLOW
32,22,3,ALLOW
79,60,8,ALLOW
117,21,5,ALLOW
35,2,3,ALLOW
6,27,1,ALLOW
26,91,5,DEGRADE
90,87,2,DROP
87,40,8,ALLOW
70,53,2,ALLOW
159,41,8,ALLOW
166,61,4,DEGRADE
199,74,10,DEGRADE
49,15,9,ALLOW
107,70,5,DEGRADE
61,92,2,DROP
188,99,8,DEGRADE
11,27,6,ALLOW
8,89,5,DEGRADE
122,45,3,ALLOW
56,27,7,ALLOW
87,93,2,DROP
115,21,4,ALLOW
67,57,9,ALLOW
184,17,9,ALLOW
30,33,9,ALLOW
159,28,8,ALLOW
82,82,8,DEGRADE
86,86,1,DROP
27,34,8,ALLOW
192,64,1,DEGRADE
73,94,7,DEGRADE
118,100,8,DEGRADE
7,65,6,DEGRADE
138,35,7,ALLOW
37,90,3,DROP
39,64,5,DEGRADE
162,14,8,ALLOW
145,75,8,DEGRADE
177,71,1,DEGRADE
160,41,3,ALLOW
92,2,9,ALLOW
28,55,10,ALLOW
189,76,9,DEGRADE
48,65,4,DEGRADE
50,44,9,ALLOW
157,86,9,DEGRADE
36,34,4,ALLOW
1,73,7,DEGRADE
153,81,9,DEGRADE
171,65,9,DEGRADE
193,55,1,ALLOW
164,49,8,ALLOW
101,84,1,DROP
87,35,10,ALLOW
118,61,3,DEGRADE
168,62,10,DEGRADE
143,29,5,ALLOW
140,92,3,DROP
131,60,7,ALLOW
134,85,7,DEGRADE
195,20,6,ALLOW
84,47,5,ALLOW
102,27,5,ALLOW
139,83,7,DEGRADE
61,78,5,DEGRADE
129,59,9,ALLOW
40,57,4,ALLOW
29,6,6,ALLOW
69,25,5,ALLOW
96,90,4,DROP
76,20,6,ALLOW
180,89,7,DEGRADE
171,60,7,ALLOW
78,10,3,ALLOW
116,25,6,ALLOW
76,9,8,ALLOW
124,28,6,ALLOW
97,51,10,ALLOW
131,12,2,ALLOW
69,81,8,DEGRADE
102,100,6,DEGRADE
47,34,3,ALLOW
39,100,1,DROP
118,78,6,DEGRADE
83,87,6,DEGRADE
15,62,10,DEGRADE
98,45,10,ALLOW
156,92,9,DEGRADE
103,26,6,ALLOW
133,90,3,DROP
146,70,3,DEGRADE
9,60,7,ALLOW
168,84,1,DROP
79,43,3,ALLOW
105,68,4,DEGRADE
103,52,2,ALLOW
177,91,3,DROP
145,14,3,ALLOW
164,45,3,ALLOW
156,57,8,ALLOW
166,8,2,ALLOW
76,17,3,ALLOW
55,63,5,DEGRADE
157,94,9,DEGRADE
124,77,10,DEGRADE
184,63,5,DEGRADE
132,18,4,ALLOW
175,40,2,ALLOW
3,35,6,ALLOW
81,35,3,ALLOW
159,93,10,DEGRADE
140,38,10,ALLOW
123,89,2,DROP
73,35,7,ALLOW
190,92,9,DEGRADE
120,86,4,DROP
88,31,7,ALLOW
108,90,8,DEGRADE
81,1,3,ALLOW
195,66,1,DEGRADE
7,81,6,DEGRADE
116,14,7,ALLOW
134,31,10,ALLOW
145,23,1,ALLOW
77,60,4,ALLOW
131,63,10,DEGRADE
38,23,7,ALLOW
193,25,1,ALLOW
156,48,10,ALLOW
44,34,7,ALLOW
138,57,4,ALLOW
19,67,7,DEGRADE
148,94,2,DROP
179,10,4,ALLOW
157,26,1,ALLOW
89,22,9,ALLOW
107,25,6,ALLOW
2,19,5,ALLOW
112,76,10,DEGRADE
63,63,5,DEGRADE
138,65,5,DEGRADE
131,83,3,DROP
174,42,2,ALLOW
54,67,10,DEGRADE
21,59,7,ALLOW
84,83,10,DEGRADE
60,72,2,DEGRADE
41,79,3,DEGRADE
109,59,8,ALLOW
118,2,10,ALLOW
46,34,1,ALLOW
16,47,5,ALLOW
110,7,6,ALLOW
82,96,5,DEGRADE
86,99,7,DEGRADE
102,62,8,DEGRADE
81,29,1,ALLOW
87,65,4,DEGRADE
174,94,9,DEGRADE
146,76,1,DEGRADE
164,28,7,ALLOW
84,39,6,ALLOW
151,14,6,ALLOW
82,69,10,DEGRADE
192,94,4,DROP
96,45,9,ALLOW
137,85,2,DROP
95,89,10,DEGRADE
19,37,5,ALLOW
165,21,6,ALLOW
80,87,1,DROP
156,20,5,ALLOW
67,98,9,DEGRADE
117,87,9,DEGRADE
87,4,3,ALLOW
79,97,10,DEGRADE
191,25,3,ALLOW
67,1,4,ALLOW
188,81,1,DROP
127,34,6,ALLOW
188,86,10,DEGRADE
86,21,5,ALLOW
55,30,10,ALLOW
192,50,8,ALLOW
144,86,7,DEGRADE
23,15,1,ALLOW
9,2,6,ALLOW
51,50,6,ALLOW
172,56,5,ALLOW
185,28,3,ALLOW
166,50,2,ALLOW
78,83,9,DEGRADE
27,11,3,ALLOW
49,79,10,DEGRADE
162,12,10,ALLOW
64,92,10,DEGRADE
86,5,2,ALLOW
29,76,1,DEGRADE
48,48,8,ALLOW
132,26,9,ALLOW
25,68,9,DEGRADE
7,71,8,DEGRADE
146,35,7,ALLOW
55,47,5,ALLOW
34,33,4,ALLOW
136,30,10,ALLOW
178,15,4,ALLOW
40,70,7,DEGRADE
150,91,8,DEGRADE
95,39,3,ALLOW
122,60,10,ALLOW
64,97,4,DROP
87,41,3,ALLOW
40,80,1,DEGRADE
164,5,10,ALLOW
171,82,8,DEGRADE
131,86,8,DEGRADE
72,87,10,DEGRADE
175,97,4,DROP
92,99,6,DEGRADE
54,11,7,ALLOW
26,95,4,DROP
92,100,6,DEGRADE
78,52,8,ALLOW
147,3,3,ALLOW
27,34,4,ALLOW
166,70,6,DEGRADE
41,4,2,ALLOW
75,43,9,ALLOW
117,60,2,ALLOW
120,94,6,DEGRADE
77,64,3,DEGRADE
29,54,10,ALLOW
105,78,2,DEGRADE
117,24,1,ALLOW
44,80,8,DEGRADE
155,47,9,ALLOW
70,93,1,DROP
56,27,3,ALLOW
70,78,9,DEGRADE
101,73,10,DEGRADE
66,65,8,DEGRADE
37,83,1,DROP
89,76,7,DEGRADE
60,13,7,ALLOW
187,73,10,DEGRADE
177,77,9,DEGRADE
6,33,2,ALLOW
139,22,7,ALLOW
178,7,9,ALLOW
121,58,8,ALLOW
84,46,7,ALLOW
15,51,3,ALLOW
149,58,4,ALLOW
95,70,5,DEGRADE
161,41,3,ALLOW
180,23,4,ALLOW
192,85,5,DEGRADE
168,98,5,DEGRADE
163,58,5,ALLOW
44,44,1,ALLOW
178,93,2,DROP
154,29,9,ALLOW
9,3,7,ALLOW
145,40,3,ALLOW
108,86,7,DEGRADE
26,79,2,DEGRADE
23,71,4,DEGRADE
105,96,2,DROP
80,92,4,DROP
122,81,6,DEGRADE
185,13,6,ALLOW
108,25,6,ALLOW
121,7,6,ALLOW
177,67,3,DEGRADE
41,34,8,ALLOW
173,4,10,ALLOW
102,40,5,ALLOW
70,70,8,DEGRADE
58,47,4,ALLOW
151,13,9,ALLOW
38,25,8,ALLOW
55,88,2,DROP
163,69,2,DEGRADE
79,48,10,ALLOW
160,60,7,ALLOW
88,76,3,DEGRADE
122,96,5,DEGRADE
97,15,1,ALLOW
5,55,5,ALLOW
99,4,7,ALLOW
64,66,1,DEGRADE
57,76,10,DEGRADE
162,31,5,ALLOW
135,67,5,DEGRADE
55,41,4,ALLOW
79,18,3,ALLOW
97,1,5,ALLOW
102,77,5,DEGRADE
74,61,9,DEGRADE
119,100,4,DROP
169,41,8,ALLOW
25,53,3,ALLOW
20,13,7,ALLOW
151,87,3,DROP
135,37,3,ALLOW
125,42,1,ALLOW
75,85,9,DEGRADE
200,26,3,ALLOW
85,54,3,ALLOW
112,48,5,ALLOW
122,92,1,DROP
50,100,4,DROP
17,1,7,ALLOW
71,62,6,DEGRADE
97,15,9,ALLOW
149,30,1,ALLOW
22,56,4,ALLOW
14,62,3,DEGRADE
133,81,6,DEGRADE
97,52,4,ALLOW
65,90,5,DEGRADE
39,13,7,ALLOW
64,17,6,ALLOW
180,29,8,ALLOW
20,38,6,ALLOW
13,17,7,ALLOW
39,3,5,ALLOW
21,59,8,ALLOW
29,86,3,DROP
192,33,5,ALLOW
35,87,8,DEGRADE
23,20,8,ALLOW
33,49,1,ALLOW
104,52,9,ALLOW
143,71,5,DEGRADE
182,54,8,ALLOW
95,2,2,ALLOW
33,63,7,DEGRADE
97,29,10,ALLOW
42,1,5,ALLOW
90,49,9,ALLOW
108,70,9,DEGRADE
140,18,7,ALLOW
142,32,5,ALLOW
71,50,1,ALLOW
88,23,9,ALLOW
31,61,3,DEGRADE
180,95,10,DEGRADE
139,33,9,ALLOW
105,59,1,ALLOW
193,18,3,ALLOW
113,91,6,DEGRADE
192,78,7,DEGRADE
122,28,10,ALLOW
65,19,7,ALLOW
176,35,3,ALLOW
104,16,6,ALLOW
153,32,4,ALLOW
19,64,6,DEGRADE
39,45,6,ALLOW
162,79,2,DEGRADE
92,96,6,DEGRADE
12,22,2,ALLOW
25,67,10,DEGRADE
2,68,5,DEGRADE
25,50,4,ALLOW
58,63,2,DEGRADE
103,67,10,DEGRADE
182,32,4,ALLOW
147,17,3,ALLOW
27,26,4,ALLOW
94,24,1,ALLOW
25,74,3,DEGRADE
7,82,1,DROP
55,73,9,DEGRADE
38,6,3,ALLOW
152,86,2,DROP
72,9,2,ALLOW
95,54,7,ALLOW
160,58,4,ALLOW
180,59,9,ALLOW
62,13,6,ALLOW
127,82,3,DROP
57,34,6,ALLOW
12,18,4,ALLOW
155,44,8,ALLOW
109,94,8,DEGRADE
51,36,5,ALLOW
82,20,9,ALLOW
162,90,6,DEGRADE
97,55,7,ALLOW
32,43,2,ALLOW
68,72,2,DEGRADE
34,32,1,ALLOW
197,63,8,DEGRADE
194,45,4,ALLOW
44,75,4,DEGRADE
108,48,5,ALLOW
183,96,5,DEGRADE
114,62,2,DEGRADE
179,28,4,ALLOW
19,9,2,ALLOW
10,81,3,DROP
194,86,9,DEGRADE
120,62,6,DEGRADE
13,24,5,ALLOW
185,30,6,ALLOW
72,74,1,DEGRADE
78,34,7,ALLOW
122,6,8,ALLOW
24,97,8,DEGRADE
50,82,6,DEGRADE
38,86,6,DEGRADE
197,85,5,DEGRADE
177,89,9,DEGRADE
82,95,7,DEGRADE
37,60,7,ALLOW
70,26,2,ALLOW
49,28,1,ALLOW
23,14,8,ALLOW
9,23,3,ALLOW
171,61,4,DEGRADE
188,11,2,ALLOW
125,65,10,DEGRADE
14,96,3,DROP
199,15,9,ALLOW
154,22,5,ALLOW
61,46,8,ALLOW
149,86,7,DEGRADE
4,2,10,ALLOW
119,3,5,ALLOW
189,94,2,DROP
63,2,3,ALLOW
100,75,7,DEGRADE
110,81,10,DEGRADE
53,14,3,ALLOW
69,3,3,ALLOW
31,45,3,ALLOW
34,100,1,DROP
9,29,5,ALLOW
150,2,3,ALLOW
94,67,6,DEGRADE
98,58,10,ALLOW
89,23,4,ALLOW
136,81,8,DEGRADE
44,83,4,DROP
118,57,9,ALLOW
68,60,10,ALLOW
166,45,7,ALLOW
146,81,1,DROP
48,45,6,ALLOW
138,4,9,ALLOW
138,16,7,ALLOW
108,8,4,ALLOW
162,87,8,DEGRADE
57,64,8,DEGRADE
59,80,8,DEGRADE
160,38,5,ALLOW
172,4,7,ALLOW
98,61,6,DEGRADE
147,4,4,ALLOW
101,28,9,ALLOW
131,19,4,ALLOW
193,49,4,ALLOW
62,6,9,ALLOW
25,17,6,ALLOW
102,78,3,DEGRADE
29,19,9,ALLOW
7,8,2,ALLOW
197,57,8,ALLOW
109,55,8,ALLOW
58,25,6,ALLOW
74,72,4,DEGRADE
172,36,3,ALLOW
89,42,6,ALLOW
185,87,7,DEGRADE
74,82,5,DEGRADE
90,80,9,DEGRADE
91,67,7,DEGRADE
43,94,2,DROP
111,37,1,ALLOW
25,75,9,DEGRADE
26,90,7,DEGRADE
195,34,7,ALLOW
189,33,10,ALLOW
166,38,6,ALLOW
109,84,3,DROP
73,36,7,ALLOW
92,97,6,DEGRADE
158,80,2,DEGRADE
9,14,8,ALLOW
164,21,7,ALLOW
14,15,3,ALLOW
182,8,8,ALLOW
196,77,9,DEGRADE
127,2,3,ALLOW
162,59,7,ALLOW
111,46,2,ALLOW
150,38,4,ALLOW
194,76,1,DEGRADE
53,35,3,ALLOW
104,33,9,ALLOW
130,11,8,ALLOW
157,47,8,ALLOW
113,78,4,DEGRADE
130,100,3,DROP
58,57,8,ALLOW
33,10,6,ALLOW
170,78,5,DEGRADE
70,43,5,ALLOW
92,21,8,ALLOW
67,2,7,ALLOW
38,31,2,ALLOW
166,5,2,ALLOW
151,62,4,DEGRADE
153,57,1,ALLOW
146,72,7,DEGRADE
77,60,4,ALLOW
65,95,5,DEGRADE
162,56,4,ALLOW
159,78,10,DEGRADE
27,10,7,ALLOW
153,40,4,ALLOW
57,89,2,DROP
22,41,8,ALLOW
10,76,8,DEGRADE
187,12,8,ALLOW
4,66,9,DEGRADE
173,12,7,ALLOW
145,28,5,ALLOW
93,80,2,DEGRADE
199,2,6,ALLOW
24,51,7,ALLOW
81,13,2,ALLOW
182,22,6,ALLOW
178,9,10,ALLOW
176,56,3,ALLOW
35,63,5,DEGRADE
77,14,6,ALLOW
24,31,9,ALLOW
47,27,1,ALLOW
186,45,8,ALLOW
176,56,3,ALLOW
106,98,5,DEGRADE
53,74,5,DEGRADE
116,41,4,ALLOW
44,95,1,DROP
8,28,8,ALLOW
115,65,3,DEGRADE
84,5,3,ALLOW
106,71,2,DEGRADE
130,52,4,ALLOW
156,34,10,ALLOW
96,65,2,DEGRADE
75,69,10,DEGRADE
137,44,1,ALLOW
30,2,8,ALLOW
135,5,2,ALLOW
194,73,6,DEGRADE
95,35,7,ALLOW
149,3,6,ALLOW
19,93,3,DROP
133,45,1,ALLOW
122,56,10,ALLOW
79,91,7,DEGRADE
121,53,5,ALLOW
12,7,5,ALLOW
165,47,9,ALLOW
166,13,9,ALLOW
187,70,9,DEGRADE
167,94,5,DEGRADE
6,57,5,ALLOW
157,78,8,DEGRADE
176,18,5,ALLOW
186,1,9,ALLOW
183,95,4,DROP
98,23,10,ALLOW
147,38,4,ALLOW
91,51,4,ALLOW
70,65,6,DEGRADE
180,53,5,ALLOW
84,15,1,ALLOW
195,81,3,DROP
8,59,8,ALLOW
37,9,6,ALLOW
189,54,4,ALLOW
143,18,6,ALLOW
9,99,3,DROP
74,1,6,ALLOW
111,77,10,DEGRADE
67,53,3,ALLOW
124,41,7,ALLOW
121,64,2,DEGRADE
109,54,1,ALLOW
79,32,5,ALLOW
78,20,4,ALLOW
71,61,7,DEGRADE
88,39,5,ALLOW
77,69,9,DEGRADE
40,30,5,ALLOW
199,86,6,DEGRADE
105,91,5,DEGRADE
128,41,7,ALLOW
169,84,3,DROP
27,96,6,DEGRADE
160,97,5,DEGRADE
165,31,8,ALLOW
59,47,9,ALLOW
131,28,8,ALLOW
151,32,4,ALLOW
179,37,4,ALLOW
194,18,7,ALLOW
134,18,1,ALLOW
176,43,3,ALLOW
197,90,9,DEGRADE
90,100,8,DEGRADE
180,79,4,DEGRADE
145,2,10,ALLOW
6,83,4,DROP
160,55,6,ALLOW
152,32,1,ALLOW
4,12,3,ALLOW
199,87,8,DEGRADE
5,8,5,ALLOW
14,13,6,ALLOW
120,24,7,ALLOW
108,55,5,ALLOW
23,85,2,DROP
11,32,9,ALLOW
83,91,8,DEGRADE
130,79,10,DEGRADE
54,59,8,ALLOW
4,13,2,ALLOW
72,23,5,ALLOW
54,51,5,ALLOW
188,75,4,DEGRADE
88,29,7,ALLOW
189,52,6,ALLOW
162,58,9,ALLOW
139,32,9,ALLOW
132,32,4,ALLOW
27,92,9,DEGRADE
68,81,2,DROP
87,35,3,ALLOW
159,64,10,DEGRADE
25,5,7,ALLOW
200,4,4,ALLOW
183,26,9,ALLOW
180,56,8,ALLOW
125,50,8,ALLOW
195,49,8,ALLOW
199,74,3,DEGRADE
112,86,9,DEGRADE
141,72,1,DEGRADE
96,84,6,DEGRADE
187,65,1,DEGRADE
144,10,7,ALLOW
143,48,4,ALLOW
21,95,1,DROP
150,51,8,ALLOW
185,60,6,ALLOW
57,69,5,DEGRADE
20,79,8,DEGRADE
97,75,2,DEGRADE
119,21,8,ALLOW
123,73,4,DEGRADE
150,58,6,ALLOW
59,53,3,ALLOW
162,6,8,ALLOW
48,88,6,DEGRADE
14,86,10,DEGRADE
79,52,8,ALLOW
198,59,1,ALLOW
96,32,10,ALLOW
156,70,4,DEGRADE
83,65,10,DEGRADE
20,90,2,DROP
71,24,6,ALLOW
183,16,9,ALLOW
93,38,8,ALLOW
32,100,3,DROP
173,90,1,DROP
79,53,10,ALLOW
164,64,3,DEGRADE
43,56,10,ALLOW
57,77,7,DEGRADE
131,96,8,DEGRADE
195,78,6,DEGRADE
63,58,7,ALLOW
76,24,8,ALLOW
195,41,9,ALLOW
44,49,3,ALLOW
93,39,3,ALLOW
183,78,9,DEGRADE
124,1,3,ALLOW
84,54,7,ALLOW
42,43,10,ALLOW
131,16,5,ALLOW
135,38,6,ALLOW
70,93,4,DROP
28,6,9,ALLOW
175,87,3,DROP
120,32,4,ALLOW
27,44,2,ALLOW
160,20,6,ALLOW
36,62,4,DEGRADE
44,51,5,ALLOW
191,76,1,DEGRADE
160,84,3,DROP
139,33,6,ALLOW
200,54,2,ALLOW
9,68,6,DEGRADE
99,70,3,DEGRADE
135,62,6,DEGRADE
127,90,5,DEGRADE
85,84,1,DROP
64,83,1,DROP
130,39,10,ALLOW
137,63,1,DEGRADE
62,94,7,DEGRADE
152,39,6,ALLOW
174,40,6,ALLOW
30,51,2,ALLOW
82,40,3,ALLOW
200,41,6,ALLOW
65,52,9,ALLOW
32,50,4,ALLOW
113,100,9,DEGRADE
94,14,6,ALLOW
148,56,9,ALLOW
74,28,9,ALLOW
88,82,2,DROP
57,59,7,ALLOW
199,65,4,DEGRADE
152,8,6,ALLOW
150,24,10,ALLOW
45,33,6,ALLOW
166,82,3,DROP
123,47,6,ALLOW
162,32,7,ALLOW
64,17,10,ALLOW
196,72,2,DEGRADE
67,92,5,DEGRADE
117,39,4,ALLOW
69,83,8,DEGRADE
171,32,8,ALLOW
78,38,6,ALLOW
102,4,5,ALLOW
102,92,3,DROP
141,44,8,ALLOW
11,86,5,DEGRADE
95,37,3,ALLOW
43,63,10,DEGRADE
74,7,1,ALLOW
109,84,8,DEGRADE
61,24,7,ALLOW
164,38,4,ALLOW
100,61,10,DEGRADE
137,87,8,DEGRADE
12,49,7,ALLOW
26,85,5,DEGRADE
125,15,10,ALLOW
115,37,9,ALLOW
35,1,6,ALLOW
130,71,4,DEGRADE
41,54,2,ALLOW
107,23,1,ALLOW
191,76,7,DEGRADE
115,75,10,DEGRADE
186,51,7,ALLOW
172,100,3,DROP
120,10,4,ALLOW
132,69,5,DEGRADE
160,88,5,DEGRADE
143,43,1,ALLOW
4,16,6,ALLOW
92,60,10,ALLOW
91,24,5,ALLOW
56,73,8,DEGRADE
12,69,3,DEGRADE
14,51,5,ALLOW
22,18,4,ALLOW
37,6,6,ALLOW
189,84,10,DEGRADE
60,93,7,DEGRADE
119,23,1,ALLOW
71,37,10,ALLOW
83,31,5,ALLOW
123,58,6,ALLOW
174,45,4,ALLOW
116,45,2,ALLOW
26,100,3,DROP
105,25,8,ALLOW
39,76,7,DEGRADE
163,6,4,ALLOW
78,7,3,ALLOW
195,47,8,ALLOW
35,96,9,DEGRADE
160,87,4,DROP
25,88,10,DEGRADE
144,18,5,ALLOW
88,10,9,ALLOW
11,17,5,ALLOW
158,1,7,ALLOW
168,65,7,DEGRADE
93,78,7,DEGRADE
69,44,7,ALLOW
121,25,9,ALLOW
26,93,5,DEGRADE
25,54,4,ALLOW
77,67,6,DEGRADE
124,63,1,DEGRADE
87,86,4,DROP
43,41,4,ALLOW
4,71,1,DEGRADE
72,10,4,ALLOW
30,49,2,ALLOW
172,74,6,DEGRADE
25,58,2,ALLOW
46,12,6,ALLOW
61,33,8,ALLOW
16,76,9,DEGRADE
36,71,7,DEGRADE
192,4,1,ALLOW
59,60,9,ALLOW
124,57,8,ALLOW
152,48,10,ALLOW
23,12,6,ALLOW
188,48,3,ALLOW
11,42,2,ALLOW
14,50,4,ALLOW
200,29,10,ALLOW
136,5,10,ALLOW
121,85,1,DROP
11,94,6,DEGRADE
45,87,9,DEGRADE
57,16,7,ALLOW
117,14,6,ALLOW
63,77,5,DEGRADE
76,94,2,DROP
98,14,9,ALLOW
131,7,2,ALLOW
43,44,7,ALLOW
129,21,6,ALLOW
28,81,6,DEGRADE
187,44,7,ALLOW
126,35,3,ALLOW
97,34,8,ALLOW
171,82,10,DEGRADE
67,31,8,ALLOW
139,59,3,ALLOW
87,87,2,DROP
85,42,5,ALLOW
153,69,6,DEGRADE
50,88,9,DEGRADE
189,23,7,ALLOW
185,56,10,ALLOW
149,85,2,DROP
162,23,7,ALLOW
17,17,4,ALLOW
87,99,10,DEGRADE
87,11,7,ALLOW
198,14,5,ALLOW
62,74,7,DEGRADE
75,14,6,ALLOW
40,27,2,ALLOW
151,63,1,DEGRADE
63,17,10,ALLOW
140,31,8,ALLOW
145,67,7,DEGRADE
114,81,2,DROP
44,44,2,ALLOW
124,83,8,DEGRADE
158,71,7,DEGRADE
7,80,10,DEGRADE
157,37,8,ALLOW
148,6,9,ALLOW
89,30,9,ALLOW
2,28,2,ALLOW
14,78,8,DEGRADE
108,60,6,ALLOW
94,41,10,ALLOW
63,75,3,DEGRADE
152,80,2,DEGRADE
32,63,8,DEGRADE
159,29,5,ALLOW
148,77,8,DEGRADE
161,83,10,DEGRADE
4,46,1,ALLOW
41,73,5,DEGRADE
13,73,1,DEGRADE
58,69,9,DEGRADE
64,2,1,ALLOW
125,61,8,DEGRADE
119,86,1,DROP
91,60,4,ALLOW
109,57,7,ALLOW
83,12,3,ALLOW
185,72,1,DEGRADE
15,21,8,ALLOW
90,25,7,ALLOW
18,46,7,ALLOW
184,23,2,ALLOW
39,29,7,ALLOW
65,15,8,ALLOW
1,48,2,ALLOW
51,19,7,ALLOW
128,40,3,ALLOW
171,51,2,ALLOW
34,62,1,DEGRADE
53,86,2,DROP
124,31,8,ALLOW
176,44,5,ALLOW
12,1,4,ALLOW
171,100,5,DEGRADE
115,60,1,ALLOW
18,18,4,ALLOW
27,78,10,DEGRADE
148,28,2,ALLOW
4,28,5,ALLOW
88,85,1,DROP
54,90,9,DEGRADE
74,29,7,ALLOW
6,75,4,DEGRADE
64,14,3,ALLOW
144,100,2,DROP
47,70,1,DEGRADE
27,25,2,ALLOW
14,20,8,ALLOW
119,62,3,DEGRADE
71,68,8,DEGRADE
194,38,1,ALLOW
86,64,3,DEGRADE
140,12,1,ALLOW
63,83,1,DROP
177,24,9,ALLOW
17,13,6,ALLOW
138,60,7,ALLOW
85,53,4,ALLOW
141,73,1,DEGRADE
39,28,3,ALLOW
117,60,9,ALLOW
199,88,2,DROP
88,84,7,DEGRADE
58,50,5,ALLOW
146,70,7,DEGRADE
108,9,6,ALLOW
47,68,10,DEGRADE
174,94,8,DEGRADE
2,2,10,ALLOW
184,17,7,ALLOW
139,46,7,ALLOW
129,27,7,ALLOW
62,18,8,ALLOW
188,93,9,DEGRADE
155,9,9,ALLOW
156,97,3,DROP
21,37,9,ALLOW
121,6,1,ALLOW
81,35,8,ALLOW
161,70,2,DEGRADE
17,40,2,ALLOW
128,10,3,ALLOW
131,25,6,ALLOW
20,6,6,ALLOW
45,50,1,ALLOW
133,34,2,ALLOW
82,65,1,DEGRADE
78,91,1,DROP
106,33,1,ALLOW
92,34,4,ALLOW
102,14,10,ALLOW
15,55,4,ALLOW
175,22,2,ALLOW
196,76,10,DEGRADE
55,93,1,DROP
80,1,5,ALLOW
187,1,8,ALLOW
160,9,5,ALLOW
95,57,1,ALLOW
86,36,7,ALLOW
112,82,7,DEGRADE
137,39,7,ALLOW
85,77,9,DEGRADE
68,29,10,ALLOW
78,6,7,ALLOW
86,67,2,DEGRADE
131,92,4,DROP
20,4,6,ALLOW
92,36,6,ALLOW
157,95,5,DEGRADE
110,22,7,ALLOW
172,95,10,DEGRADE
8,82,1,DROP
10,98,1,DROP
120,27,4,ALLOW
156,35,1,ALLOW
190,63,3,DEGRADE
192,54,9,ALLOW
130,1,2,ALLOW
190,44,2,ALLOW
84,26,6,ALLOW
50,40,5,ALLOW
109,95,4,DROP
84,17,5,ALLOW
117,31,2,ALLOW
137,8,10,ALLOW
45,17,4,ALLOW
97,37,5,ALLOW
167,13,5,ALLOW
80,57,3,ALLOW
36,46,1,ALLOW
1,44,9,ALLOW
199,61,5,DEGRADE
21,48,4,ALLOW
185,17,10,ALLOW
196,39,8,ALLOW
143,14,4,ALLOW
9,61,3,DEGRADE
165,21,5,ALLOW
115,7,9,ALLOW
158,88,3,DROP
93,66,7,DEGRADE
134,23,5,ALLOW
131,19,5,ALLOW
101,49,9,ALLOW
166,47,9,ALLOW
132,29,6,ALLOW
149,31,2,ALLOW
10,58,4,ALLOW
108,80,9,DEGRADE
135,15,3,ALLOW
101,76,8,DEGRADE
36,95,2,DROP
173,39,1,ALLOW
81,4,3,ALLOW
105,71,10,DEGRADE
57,79,3,DEGRADE
195,36,6,ALLOW
157,44,2,ALLOW
114,52,6,ALLOW
163,11,7,ALLOW
32,32,4,ALLOW
49,36,2,ALLOW
28,51,4,ALLOW
88,57,10,ALLOW
95,100,2,DROP
76,80,6,DEGRADE
152,74,7,DEGRADE
195,91,6,DEGRADE
70,54,8,ALLOW
173,52,8,ALLOW
54,81,1,DROP
39,94,7,DEGRADE
197,72,8,DEGRADE
115,94,1,DROP
36,43,3,ALLOW
136,32,2,ALLOW
128,16,10,ALLOW
84,15,10,ALLOW
159,56,9,ALLOW
183,85,9,DEGRADE
84,33,5,ALLOW
2,14,8,ALLOW
144,66,3,DEGRADE
126,1,3,ALLOW
155,41,5,ALLOW
56,70,1,DEGRADE
19,98,1,DROP
80,10,4,ALLOW
137,27,8,ALLOW
121,72,5,DEGRADE
77,86,3,DROP
64,39,1,ALLOW
68,77,4,DEGRADE
167,89,7,DEGRADE
77,54,7,ALLOW
147,52,7,ALLOW
126,71,2,DEGRADE
176,92,6,DEGRADE
167,28,1,ALLOW
55,11,1,ALLOW
179,8,5,ALLOW
118,99,3,DROP
73,69,8,DEGRADE
45,79,8,DEGRADE
30,70,9,DEGRADE
91,11,10,ALLOW
170,50,5,ALLOW
73,61,9,DEGRADE
51,25,10,ALLOW
57,90,1,DROP
183,33,7,ALLOW
97,89,6,DEGRADE
121,72,8,DEGRADE
107,49,4,ALLOW
80,90,2,DROP
133,18,2,ALLOW
57,44,2,ALLOW
186,13,6,ALLOW
143,23,10,ALLOW
122,26,8,ALLOW
39,93,3,DROP
89,84,6,DEGRADE
6,27,8,ALLOW
111,17,2,ALLOW
85,20,7,ALLOW
16,76,2,DEGRADE
85,49,8,ALLOW
50,14,5,ALLOW
28,14,6,ALLOW
146,11,6,ALLOW
140,86,4,DROP
99,86,4,DROP
172,10,9,ALLOW
132,53,7,ALLOW
65,68,5,DEGRADE
149,71,10,DEGRADE
200,17,6,ALLOW
153,27,10,ALLOW
171,20,6,ALLOW
87,50,2,ALLOW
51,45,6,ALLOW
180,68,7,DEGRADE
149,92,10,DEGRADE
42,18,10,ALLOW
33,23,6,ALLOW
56,62,9,DEGRADE
192,46,1,ALLOW
135,40,3,ALLOW
161,35,3,ALLOW
128,43,1,ALLOW
125,95,4,DROP
140,21,9,ALLOW
4,53,7,ALLOW
64,93,2,DROP
144,48,1,ALLOW
33,41,5,ALLOW
30,33,2,ALLOW
139,51,9,ALLOW
170,41,7,ALLOW
170,55,4,ALLOW
8,48,3,ALLOW
76,42,1,ALLOW
7,45,1,ALLOW
165,36,10,ALLOW
72,47,5,ALLOW
197,58,10,ALLOW
194,45,9,ALLOW
84,45,1,ALLOW
172,39,6,ALLOW
149,83,2,DROP
92,10,3,ALLOW
74,52,1,ALLOW
135,7,9,ALLOW
70,95,10,DEGRADE
74,1,6,ALLOW
68,18,2,ALLOW
91,50,9,ALLOW
85,56,2,ALLOW
178,11,8,ALLOW
187,33,5,ALLOW
67,94,3,DROP
59,73,9,DEGRADE
2,81,3,DROP
65,55,6,ALLOW
179,35,4,ALLOW
8,12,1,ALLOW
37,15,10,ALLOW
65,86,5,DEGRADE
60,90,4,DROP
110,16,10,ALLOW
67,36,10,ALLOW
66,62,7,DEGRADE
103,58,3,ALLOW
92,66,10,DEGRADE
113,78,3,DEGRADE
17,59,8,ALLOW
100,78,2,DEGRADE
10,77,3,DEGRADE
37,92,10,DEGRADE
95,96,1,DROP
190,4,4,ALLOW
105,55,10,ALLOW
150,72,5,DEGRADE
54,40,4,ALLOW
179,76,1,DEGRADE
117,2,5,ALLOW
117,76,9,DEGRADE
120,53,1,ALLOW
18,30,10,ALLOW
14,12,3,ALLOW
154,57,8,ALLOW
54,67,5,DEGRADE
58,87,8,DEGRADE
137,62,3,DEGRADE
121,98,3,DROP
30,62,1,DEGRADE
137,98,9,DEGRADE
54,44,5,ALLOW
114,56,10,ALLOW
31,42,1,ALLOW
100,4,6,ALLOW
126,18,2,ALLOW
195,74,6,DEGRADE
57,34,9,ALLOW
106,42,7,ALLOW
150,27,7,ALLOW
7,47,5,ALLOW
12,99,3,DROP
150,88,2,DROP
97,38,9,ALLOW
44,16,8,ALLOW
122,77,7,DEGRADE
196,90,4,DROP
102,47,10,ALLOW
190,82,1,DROP
45,29,2,ALLOW
176,55,3,ALLOW
137,90,10,DEGRADE
39,22,10,ALLOW
115,67,8,DEGRADE
155,80,10,DEGRADE
165,92,4,DROP
163,75,8,DEGRADE
194,77,1,DEGRADE
138,3,8,ALLOW
22,83,2,DROP
92,98,4,DROP
133,42,5,ALLOW
56,34,10,ALLOW
59,41,8,ALLOW
23,16,1,ALLOW
24,65,6,DEGRADE
128,76,8,DEGRADE
140,16,2,ALLOW
110,53,9,ALLOW
77,84,5,DEGRADE
43,80,10,DEGRADE
119,27,7,ALLOW
163,55,4,ALLOW
182,1,9,ALLOW
97,71,6,DEGRADE
64,85,8,DEGRADE
152,38,6,ALLOW
150,72,9,DEGRADE
85,63,8,DEGRADE
25,51,3,ALLOW
82,83,9,DEGRADE
64,79,5,DEGRADE
150,93,3,DROP
103,59,1,ALLOW
168,51,5,ALLOW
5,52,2,ALLOW
165,72,6,DEGRADE
127,76,3,DEGRADE
104,1,7,ALLOW
137,35,4,ALLOW
36,19,9,ALLOW
37,39,7,ALLOW
176,44,10,ALLOW
149,42,6,ALLOW
115,60,3,ALLOW
34,70,8,DEGRADE
64,84,2,DROP
197,82,8,DEGRADE
193,56,9,ALLOW
113,78,7,DEGRADE
133,40,8,ALLOW
174,50,3,ALLOW
57,28,10,ALLOW
179,59,4,ALLOW
84,86,6,DEGRADE
197,59,6,ALLOW
182,12,5,ALLOW
129,94,10,DEGRADE
45,87,5,DEGRADE
138,56,5,ALLOW
135,38,3,ALLOW
38,60,9,ALLOW
191,68,2,DEGRADE
48,90,1,DROP
99,4,4,ALLOW
146,8,1,ALLOW
174,92,2,DROP
37,14,7,ALLOW
38,62,2,DEGRADE
165,90,6,DEGRADE
19,88,7,DEGRADE
65,41,2,ALLOW
104,88,5,DEGRADE
118,96,3,DROP
89,82,9,DEGRADE
16,93,7,DEGRADE
158,22,2,ALLOW
164,96,6,DEGRADE
137,48,7,ALLOW
14,99,9,DEGRADE
30,14,7,ALLOW
143,8,6,ALLOW
77,100,9,DEGRADE
127,59,2,ALLOW
84,24,10,ALLOW
199,59,10,ALLOW
79,26,4,ALLOW
25,39,10,ALLOW
32,12,9,ALLOW
48,68,1,DEGRADE
77,32,8,ALLOW
127,25,10,ALLOW
69,24,1,ALLOW
160,7,10,ALLOW
165,61,3,DEGRADE
174,42,10,ALLOW
169,51,2,ALLOW
64,41,2,ALLOW
88,93,4,DROP
91,83,1,DROP
37,10,4,ALLOW
64,46,9,ALLOW
72,94,10,DEGRADE
142,24,10,ALLOW
178,23,9,ALLOW
36,80,2,DEGRADE
113,19,4,ALLOW
82,29,10,ALLOW
84,3,3,ALLOW
58,64,10,DEGRADE
146,72,9,DEGRADE
144,8,6,ALLOW
135,81,5,DEGRADE
10,85,5,DEGRADE
187,8,5,ALLOW
196,68,9,DEGRADE
89,3,1,ALLOW
72,86,8,DEGRADE
14,3,9,ALLOW
31,55,1,ALLOW
124,13,6,ALLOW
106,70,1,DEGRADE
194,77,8,DEGRADE
76,86,1,DROP
173,54,6,ALLOW
9,44,1,ALLOW
9,31,9,ALLOW
15,66,3,DEGRADE
184,37,1,ALLOW
167,27,10,ALLOW
134,87,3,DROP
31,2,4,ALLOW
73,43,3,ALLOW
17,54,8,ALLOW
26,9,8,ALLOW
148,2,7,ALLOW
33,4,4,ALLOW
144,66,10,DEGRADE
4,99,9,DEGRADE
149,66,3,DEGRADE
171,9,6,ALLOW
176,64,4,DEGRADE
96,8,10,ALLOW
154,45,4,ALLOW
72,41,1,ALLOW
69,98,6,DEGRADE
78,96,4,DROP
192,95,6,DEGRADE
97,40,9,ALLOW
160,50,4,ALLOW
188,84,8,DEGRADE
147,14,5,ALLOW
193,75,8,DEGRADE
133,46,3,ALLOW
146,74,8,DEGRADE
69,9,4,ALLOW
93,84,7,DEGRADE
147,51,4,ALLOW
44,82,9,DEGRADE
183,62,4,DEGRADE
102,78,2,DEGRADE
142,56,6,ALLOW
169,45,6,ALLOW
47,26,8,ALLOW
70,89,6,DEGRADE
182,59,8,ALLOW
89,62,2,DEGRADE
95,27,8,ALLOW
143,17,10,ALLOW
180,64,4,DEGRADE
72,27,4,ALLOW
36,30,6,ALLOW
19,44,1,ALLOW
130,37,8,ALLOW
70,50,6,ALLOW
17,59,4,ALLOW
33,83,3,DROP
46,82,9,DEGRADE
73,93,1,DROP
27,37,3,ALLOW
110,48,3,ALLOW
169,93,2,DROP
117,93,3,DROP
165,28,9,ALLOW
44,8,8,ALLOW
80,16,10,ALLOW
96,78,8,DEGRADE
144,60,2,ALLOW
153,72,8,DEGRADE
176,11,8,ALLOW
122,68,7,DEGRADE
25,19,6,ALLOW
158,66,2,DEGRADE
29,95,7,DEGRADE
187,52,3,ALLOW
74,13,9,ALLOW
175,68,10,DEGRADE
180,54,3,ALLOW
43,42,6,ALLOW
66,76,3,DEGRADE
128,85,7,DEGRADE
106,26,1,ALLOW
200,64,9,DEGRADE
25,41,1,ALLOW
78,82,4,DROP
79,100,9,DEGRADE
79,35,2,ALLOW
142,10,4,ALLOW
48,67,9,DEGRADE
105,61,10,DEGRADE
181,44,5,ALLOW
43,83,6,DEGRADE
134,64,3,DEGRADE
155,7,6,ALLOW
18,95,7,DEGRADE
112,90,3,DROP
198,100,4,DROP
103,7,9,ALLOW
29,47,6,ALLOW
189,95,7,DEGRADE
164,23,5,ALLOW
91,45,5,ALLOW
116,77,4,DEGRADE
120,83,1,DROP
124,82,1,DROP
102,4,2,ALLOW
80,79,8,DEGRADE
175,75,3,DEGRADE
169,47,6,ALLOW
163,61,2,DEGRADE
11,42,8,ALLOW
143,39,3,ALLOW
71,53,10,ALLOW
2,51,1,ALLOW
15,9,6,ALLOW
150,23,6,ALLOW
191,75,8,DEGRADE
131,72,2,DEGRADE
44,4,3,ALLOW
200,2,5,ALLOW
34,54,7,ALLOW
183,41,7,ALLOW
167,69,6,DEGRADE
84,53,4,ALLOW
58,14,6,ALLOW
26,49,9,ALLOW
132,5,8,ALLOW
106,87,1,DROP
109,55,4,ALLOW
55,49,8,ALLOW
168,2,7,ALLOW
123,73,7,DEGRADE
187,45,9,ALLOW
102,38,10,ALLOW
84,19,10,ALLOW
28,56,9,ALLOW
165,24,5,ALLOW
83,97,4,DROP
187,100,9,DEGRADE
108,79,1,DEGRADE
87,56,7,ALLOW
80,43,5,ALLOW
48,42,7,ALLOW
90,58,7,ALLOW
19,65,10,DEGRADE
110,40,5,ALLOW
181,78,6,DEGRADE
110,26,2,ALLOW
163,70,9,DEGRADE
43,59,9,ALLOW
169,78,9,DEGRADE
169,19,2,ALLOW
197,62,6,DEGRADE
32,4,6,ALLOW
144,61,9,DEGRADE
2,25,8,ALLOW
166,54,8,ALLOW
112,26,10,ALLOW
38,26,9,ALLOW
30,38,2,ALLOW
143,26,3,ALLOW
46,10,1,ALLOW
89,3,4,ALLOW
46,21,9,ALLOW
130,19,6,ALLOW
78,7,2,ALLOW
117,23,5,ALLOW
92,67,4,DEGRADE
119,17,4,ALLOW
64,31,10,ALLOW
116,97,7,DEGRADE
93,52,6,ALLOW
107,13,9,ALLOW
193,64,9,DEGRADE
85,48,3,ALLOW
160,9,7,ALLOW
82,68,2,DEGRADE
53,1,5,ALLOW
130,13,7,ALLOW
6,89,10,DEGRADE
78,70,6,DEGRADE
175,70,3,DEGRADE
109,73,10,DEGRADE
105,65,7,DEGRADE
44,92,3,DROP
151,13,10,ALLOW
83,88,8,DEGRADE
47,86,3,DROP
74,64,4,DEGRADE
67,53,8,ALLOW
25,70,4,DEGRADE
195,15,10,ALLOW
53,5,7,ALLOW
13,48,5,ALLOW
124,4,10,ALLOW
102,32,8,ALLOW
22,99,3,DROP
31,59,8,ALLOW
18,27,8,ALLOW
170,7,10,ALLOW
114,20,4,ALLOW
177,2,7,ALLOW
167,83,9,DEGRADE
194,30,7,ALLOW
179,65,5,DEGRADE
179,72,7,DEGRADE
162,6,2,ALLOW
119,67,7,DEGRADE
171,29,6,ALLOW
62,70,9,DEGRADE
182,13,6,ALLOW
31,99,10,DEGRADE
87,36,6,ALLOW
93,25,2,ALLOW
174,25,6,ALLOW
199,71,2,DEGRADE
146,67,10,DEGRADE
73,97,4,DROP
184,55,5,ALLOW
137,10,3,ALLOW
104,52,7,ALLOW
195,98,8,DEGRADE
171,13,7,ALLOW
131,85,3,DROP
166,78,8,DEGRADE
43,32,6,ALLOW
56,74,6,DEGRADE
75,26,6,ALLOW
144,87,8,DEGRADE
134,20,4,ALLOW
134,76,5,DEGRADE
85,41,6,ALLOW
2,97,7,DEGRADE
195,24,2,ALLOW
152,25,3,ALLOW
195,31,7,ALLOW
3,85,3,DROP
82,59,7,ALLOW
199,90,2,DROP
170,62,10,DEGRADE
33,17,2,ALLOW
37,61,2,DEGRADE
55,29,1,ALLOW
117,39,8,ALLOW
12,32,7,ALLOW
153,52,1,ALLOW
170,44,1,ALLOW
96,75,5,DEGRADE
155,21,4,ALLOW
155,5,2,ALLOW
153,13,6,ALLOW
59,45,9,ALLOW
114,64,10,DEGRADE
122,22,9,ALLOW
87,1,10,ALLOW
163,9,7,ALLOW
136,61,7,DEGRADE
27,33,6,ALLOW
198,75,5,DEGRADE
62,49,3,ALLOW
129,80,9,DEGRADE
130,11,5,ALLOW
87,72,10,DEGRADE
41,41,10,ALLOW
71,70,3,DEGRADE
176,81,8,DEGRADE
122,70,4,DEGRADE
183,45,9,ALLOW
35,7,3,ALLOW
39,83,9,DEGRADE
128,68,1,DEGRADE
116,28,7,ALLOW
108,31,2,ALLOW
117,62,7,DEGRADE
34,62,3,DEGRADE
161,18,1,ALLOW
120,42,8,ALLOW
104,80,9,DEGRADE
94,3,6,ALLOW
188,34,3,ALLOW
128,7,6,ALLOW
80,44,7,ALLOW
94,62,4,DEGRADE
182,85,10,DEGRADE
151,23,3,ALLOW
55,96,3,DROP
99,62,10,DEGRADE
105,52,1,ALLOW
189,92,9,DEGRADE
148,98,5,DEGRADE
178,11,10,ALLOW
184,72,5,DEGRADE
154,64,10,DEGRADE
39,67,7,DEGRADE
150,51,8,ALLOW
112,36,7,ALLOW
139,61,3,DEGRADE
173,39,4,ALLOW
57,27,6,ALLOW
1,83,6,DEGRADE
9,4,7,ALLOW
54,72,1,DEGRADE
167,23,5,ALLOW
10,12,6,ALLOW
198,34,8,ALLOW
29,44,2,ALLOW
44,18,9,ALLOW
197,93,2,DROP
80,29,5,ALLOW
123,49,6,ALLOW
153,81,6,DEGRADE
33,35,8,ALLOW
35,37,1,ALLOW
97,43,6,ALLOW
68,95,8,DEGRADE
50,50,5,ALLOW
13,54,4,ALLOW
177,92,10,DEGRADE
83,100,8,DEGRADE
185,35,2,ALLOW
113,20,3,ALLOW
50,6,9,ALLOW
167,32,4,ALLOW
135,60,9,ALLOW
139,26,2,ALLOW
53,68,4,DEGRADE
21,89,7,DEGRADE
30,97,10,DEGRADE
98,3,4,ALLOW
56,61,4,DEGRADE
38,97,8,DEGRADE
49,38,5,ALLOW
132,95,9,DEGRADE
150,77,7,DEGRADE
29,46,9,ALLOW
49,59,9,ALLOW
155,93,4,DROP
68,89,10,DEGRADE
177,91,6,DEGRADE
8,47,7,ALLOW
183,51,7,ALLOW
49,39,8,ALLOW
124,23,8,ALLOW
166,52,2,ALLOW
158,92,3,DROP
160,94,7,DEGRADE
58,18,1,ALLOW
43,41,8,ALLOW
197,17,2,ALLOW
3,84,2,DROP
127,48,8,ALLOW
8,89,2,DROP
32,66,7,DEGRADE
29,1,5,ALLOW
137,74,2,DEGRADE
119,74,9,DEGRADE
54,69,9,DEGRADE
30,95,7,DEGRADE
8,60,3,ALLOW
2,54,4,ALLOW
38,76,6,DEGRADE
83,21,5,ALLOW
95,42,2,ALLOW
59,46,3,ALLOW
134,61,7,DEGRADE
10,49,3,ALLOW
59,33,10,ALLOW
59,70,6,DEGRADE
163,66,9,DEGRADE
98,42,6,ALLOW
1,87,9,DEGRADE
12,88,3,DROP
67,84,3,DROP
199,68,10,DEGRADE
112,82,9,DEGRADE
60,61,6,DEGRADE
24,45,10,ALLOW
144,23,4,ALLOW
38,24,4,ALLOW
47,51,7,ALLOW
164,54,2,ALLOW
185,15,4,ALLOW
176,49,2,ALLOW
13,6,10,ALLOW
1,78,5,DEGRADE
165,32,4,ALLOW
20,75,4,DEGRADE
145,10,2,ALLOW
112,82,3,DROP
173,70,2,DEGRADE
138,11,3,ALLOW
186,96,4,DROP
187,82,5,DEGRADE
94,43,7,ALLOW
99,11,8,ALLOW
59,6,3,ALLOW
136,48,4,ALLOW
142,27,5,ALLOW
170,8,6,ALLOW
56,58,5,ALLOW
69,9,6,ALLOW
55,61,10,DEGRADE
11,81,1,DROP
10,5,10,ALLOW
172,84,1,DROP
158,57,9,ALLOW
3,34,7,ALLOW
154,68,6,DEGRADE
194,89,6,DEGRADE
155,6,10,ALLOW
38,3,4,ALLOW
191,29,3,ALLOW
86,18,8,ALLOW
163,81,7,DEGRADE
176,49,9,ALLOW
126,94,7,DEGRADE
102,12,5,ALLOW
48,6,4,ALLOW
8,29,6,ALLOW
88,6,7,ALLOW
172,15,1,ALLOW
108,34,6,ALLOW
79,60,1,ALLOW
117,36,7,ALLOW
80,12,7,ALLOW
36,77,4,DEGRADE
14,91,2,DROP
11,62,7,DEGRADE
115,4,8,ALLOW
26,18,10,ALLOW
38,16,1,ALLOW
79,57,3,ALLOW
166,6,6,ALLOW
78,73,4,DEGRADE
41,8,2,ALLOW
57,24,4,ALLOW
99,65,7,DEGRADE
116,35,10,ALLOW
136,82,4,DROP
135,35,4,ALLOW
113,90,2,DROP
148,45,2,ALLOW
135,95,10,DEGRADE
167,58,6,ALLOW
194,45,9,ALLOW
184,13,4,ALLOW
188,66,5,DEGRADE
184,29,7,ALLOW
118,70,7,DEGRADE
